Workbook

Sheet 1
A1: BẢNG LƯƠNG (từ 23.T8-1.T9/2026)
A2: STT | B2: HỌ TÊN | C2: GHI CHÚ | D2: CV | E2: 23 | F2: =E2+1 -> 24 | G2: =F2+1 -> 25 | H2: =G2+1 -> 26 | I2: =H2+1 -> 27 | J2: =I2+1 -> 28 | K2: 1 | L2: Đủ công | M2: Nửa công | N2: TC | O2: Lương/ngày | P2: Tổng lương | Q2: Ký nhận
E3: T2 | F3: T3 | G3: T4 | H3: T5 | I3: T6 | J3: T7 | K3: CN
A4: 1 | B4: A Lâm | C4: =SUBTOTAL(103,C5:C23) -> 15 | D4: ĐT | E4: x | F4: x | G4: x | H4: x | I4: x | J4: x | K4: x | L4: =COUNTIF(E4:K4,"X") -> 7 | M4: =COUNTIF(E4:I4,"X/2")/2 -> 0 | N4: =SUM(L4:M4) -> 7 | O4: 550000 | P4: =N4*O4 -> 3850000 | Q4: 500000
A5: 2 | B5: Nguyễn Tấn Tài | C5: Có CCCD gửi cty Hưng Long | D5: Thợ | I5: x | J5: x | K5: x | L5: =COUNTIF(E5:K5,"X") -> 3 | M5: =COUNTIF(E5:K5,"X/2")/2 -> 0 | N5: =SUM(L5:M5) -> 3 | O5: 380000 | P5: =N5*O5 -> 1140000
A6: =A5+1 -> 3 | B6: Nguyễn Tấn Hùng | D6: Thợ | L6: =COUNTIF(E6:K6,"X") -> 0 | M6: =COUNTIF(E6:K6,"X/2")/2 -> 0 | N6: =SUM(L6:M6) -> 0 | O6: 360000 | P6: =N6*O6 -> 0
A7: =A6+1 -> 4 | B7: Mai Văn Đời | C7: Có hình CCCD | D7: Thợ | I7: x | J7: x | K7: x | L7: =COUNTIF(E7:K7,"X") -> 3 | M7: =COUNTIF(E7:K7,"X/2")/2 -> 0 | N7: =SUM(L7:M7) -> 3 | O7: 370000 | P7: =N7*O7 -> 1110000
A8: =A7+1 -> 5 | B8: Nguyễn Văn Đấu | C8: Có CCCD gửi cty Hưng Long | D8: Thợ | E8: x/2 | F8: x | H8: x | I8: x | J8: x | L8: =COUNTIF(E8:K8,"X") -> 4 | M8: =COUNTIF(E8:K8,"X/2")/2 -> 0.5 | N8: =SUM(L8:M8) -> 4.5 | O8: 370000 | P8: =N8*O8 -> 1665000
A9: =A8+1 -> 6 | B9: Huỳnh Thanh Tùng | C9: Có hình CCCD | D9: Thợ ép | K9: x | L9: =COUNTIF(E9:K9,"X") -> 1 | M9: =COUNTIF(E9:K9,"X/2")/2 -> 0 | N9: =SUM(L9:M9) -> 1 | O9: 350000 | P9: =N9*O9 -> 350000
A10: =A9+1 -> 7 | B10: Nguyễn Hoàng Vũ | C10: Có CCCD gửi cty Hưng Long | D10: Phụ | G10: x | H10: x | I10: x | J10: x | L10: =COUNTIF(E10:K10,"X") -> 4 | M10: =COUNTIF(E10:K10,"X/2")/2 -> 0 | N10: =SUM(L10:M10) -> 4 | O10: 320000 | P10: =N10*O10 -> 1280000
A11: =A10+1 -> 8 | B11: Nguyễn Văn Phong | C11: Có hình CCCD | D11: Phụ | L11: =COUNTIF(E11:K11,"X") -> 0 | M11: =COUNTIF(E11:K11,"X/2")/2 -> 0 | N11: =SUM(L11:M11) -> 0 | O11: 300000 | P11: =N11*O11 -> 0
A12: =A11+1 -> 9 | B12: Nguyễn Công Thức | C12: Có CCCD gửi cty Hưng Long | D12: Phụ | E12: x | F12: x | G12: x | H12: x | I12: x | J12: x | K12: x | L12: =COUNTIF(E12:K12,"X") -> 7 | M12: =COUNTIF(E12:K12,"X/2")/2 -> 0 | N12: =SUM(L12:M12) -> 7 | O12: 360000 | P12: =N12*O12 -> 2520000
A13: =A12+1 -> 10 | B13: Nguyễn Tấn Lợi | C13: Có hình CCCD | D13: Thợ | F13: x | G13: x | H13: x | J13: x | K13: x | L13: =COUNTIF(E13:K13,"X") -> 5 | M13: =COUNTIF(E13:K13,"X/2")/2 -> 0 | N13: =SUM(L13:M13) -> 5 | O13: 400000 | P13: =N13*O13 -> 2000000
A14: 11 | B14: Mai Văn Bảy | C14: Có hình CCCD | D14: Phụ | F14: x | G14: x | H14: x | I14: x | J14: x | L14: =COUNTIF(E14:K14,"X") -> 5 | M14: =COUNTIF(E14:K14,"X/2")/2 -> 0 | N14: =SUM(L14:M14) -> 5 | O14: 280000 | P14: =N14*O14 -> 1400000
A15: =A14+1 -> 12 | B15: Huỳnh Chí Linh | C15: Có hình CCCD | D15: Thợ | J15: x/2 | K15: x | L15: =COUNTIF(E15:K15,"X") -> 1 | M15: =COUNTIF(E15:K15,"X/2")/2 -> 0.5 | N15: =SUM(L15:M15) -> 1.5 | O15: 400000 | P15: =N15*O15 -> 600000
A16: =A15+1 -> 13 | B16: Nguyễn Văn Yêm | D16: Thợ | G16: x | H16: x | I16: x | J16: x | L16: =COUNTIF(E16:K16,"X") -> 4 | M16: =COUNTIF(E16:K16,"X/2")/2 -> 0 | N16: =SUM(L16:M16) -> 4 | O16: 390000 | P16: =N16*O16 -> 1560000
A17: 14 | B17: Nguyễn Thanh Tùng | C17: Có CCCD gửi cty Hưng Long | D17: Thợ | F17: x | G17: x | H17: x | I17: x | J17: x | K17: x | L17: =COUNTIF(E17:K17,"X") -> 6 | M17: =COUNTIF(E17:K17,"X/2")/2 -> 0 | N17: =SUM(L17:M17) -> 6 | O17: 370000 | P17: =N17*O17 -> 2220000
A18: 15 | B18: Nguyễn Văn Mười | D18: Thợ | L18: =COUNTIF(E18:K18,"X") -> 0 | M18: =COUNTIF(E18:K18,"X/2")/2 -> 0 | N18: =SUM(L18:M18) -> 0 | O18: 360000 | P18: =N18*O18 -> 0
A19: 16 | B19: Phạm Văn Kiệt | C19: Có CCCD gửi cty Hưng Long | D19: Thợ | I19: x | J19: x | L19: =COUNTIF(E19:K19,"X") -> 2 | M19: =COUNTIF(E19:K19,"X/2")/2 -> 0 | N19: =SUM(L19:M19) -> 2 | O19: 380000 | P19: =N19*O19 -> 760000
A20: 17 | B20: Trương Văn Thông | C20: Có CCCD gửi cty Hưng Long | D20: Phụ | L20: =COUNTIF(E20:K20,"X") -> 0 | M20: =COUNTIF(E20:K20,"X/2")/2 -> 0 | N20: =SUM(L20:M20) -> 0 | O20: 270000 | P20: =N20*O20 -> 0
A21: 18 | B21: Võ Hoàng Nam | C21: Có CCCD gửi cty Hưng Long | D21: Thợ | E21: x/2 | F21: x | G21: x | H21: x | J21: x | L21: =COUNTIF(E21:K21,"X") -> 4 | M21: =COUNTIF(E21:K21,"X/2")/2 -> 0.5 | N21: =SUM(L21:M21) -> 4.5 | O21: 380000 | P21: =N21*O21 -> 1710000
A22: 19 | B22: Trần Thanh Sơn | C22: Có CCCD gửi cty Hưng Long | D22: Thợ | L22: =COUNTIF(E22:K22,"X") -> 0 | M22: =COUNTIF(E22:K22,"X/2")/2 -> 0 | N22: =SUM(L22:M22) -> 0 | O22: 370000 | P22: =N22*O22 -> 0
A23: 20 | B23: Đinh Văn Thống | D23: Phụ | L23: =COUNTIF(E23:K23,"X") -> 0 | M23: =COUNTIF(E23:K23,"X/2")/2 -> 0 | N23: =SUM(L23:M23) -> 0 | O23: 280000 | P23: =N23*O23 -> 0
A24: 21 | B24: Lê Vũ Linh | D24: Thợ | F24: x | G24: x | H24: x | I24: x | J24: x | K24: x | L24: =COUNTIF(E24:K24,"X") -> 6 | M24: =COUNTIF(E24:K24,"X/2")/2 -> 0 | N24: =SUM(L24:M24) -> 6 | O24: 380000 | P24: =N24*O24 -> 2280000
A25: 22 | B25: Nguyễn Thị Cười | D25: Thợ | G25: x | H25: x | I25: x | J25: x | K25: x | L25: =COUNTIF(E25:K25,"X") -> 5 | M25: =COUNTIF(E25:K25,"X/2")/2 -> 0 | N25: =SUM(L25:M25) -> 5 | O25: 280000 | P25: =N25*O25 -> 1400000
A26: 23 | B26: Huỳnh Thanh Xuân | D26: Phụ | L26: =COUNTIF(E26:K26,"X") -> 0 | M26: =COUNTIF(E26:K26,"X/2")/2 -> 0 | N26: =SUM(L26:M26) -> 0 | O26: 270000 | P26: =N26*O26 -> 0
A27: 24 | B27: Lâm Hữu Phước | D27: Phụ | G27: x | H27: x | I27: x | J27: x | L27: =COUNTIF(E27:K27,"X") -> 4 | M27: =COUNTIF(E27:K27,"X/2")/2 -> 0 | N27: =SUM(L27:M27) -> 4 | O27: 280000 | P27: =N27*O27 -> 1120000
A28: 25 | B28: Nguyễn Văn Phao | D28: Thợ | L28: =COUNTIF(E28:K28,"X") -> 0 | M28: =COUNTIF(E28:K28,"X/2")/2 -> 0 | N28: =SUM(L28:M28) -> 0 | O28: 370000 | P28: =N28*O28 -> 0
A29: 26 | B29: Nguyễn Văn Đa | D29: Phụ | L29: =COUNTIF(E29:K29,"X") -> 0 | M29: =COUNTIF(E29:K29,"X/2")/2 -> 0 | N29: =SUM(L29:M29) -> 0 | O29: 260000 | P29: =N29*O29 -> 0
A30: 27 | B30: Lâm Kỳ Phi | D30: Thợ | F30: x | G30: x | H30: x | I30: x | J30: x | K30: x | L30: =COUNTIF(E30:K30,"X") -> 6 | M30: =COUNTIF(E30:K30,"X/2")/2 -> 0 | N30: =SUM(L30:M30) -> 6 | O30: 380000 | P30: =N30*O30 -> 2280000
A31: 28 | B31: Trần Thanh Phong | D31: Thợ | G31: x | H31: x | I31: x | J31: x | L31: =COUNTIF(E31:K31,"X") -> 4 | M31: =COUNTIF(E31:K31,"X/2")/2 -> 0 | N31: =SUM(L31:M31) -> 4 | O31: 370000 | P31: =N31*O31 -> 1480000
A32: 29 | B32: Trịnh Văn Phước | D32: Thợ | H32: x | J32: x | L32: =COUNTIF(E32:K32,"X") -> 2 | M32: =COUNTIF(E32:K32,"X/2")/2 -> 0 | N32: =SUM(L32:M32) -> 2 | O32: 370000 | P32: =N32*O32 -> 740000
A33: 30 | B33: Nguyễn Văn Liễu | D33: Thợ | E33: x/2 | F33: x | G33: x | H33: x | J33: x | K33: x | L33: =COUNTIF(E33:K33,"X") -> 5 | M33: =COUNTIF(E33:K33,"X/2")/2 -> 0.5 | N33: =SUM(L33:M33) -> 5.5 | O33: 360000 | P33: =N33*O33 -> 1980000
A34: 31 | B34: Nguyễn Quốc Thiện | D34: Phụ | E34: x | F34: x | G34: x | H34: x | J34: x | K34: x | L34: =COUNTIF(E34:K34,"X") -> 6 | M34: =COUNTIF(E34:K34,"X/2")/2 -> 0 | N34: =SUM(L34:M34) -> 6 | O34: 280000 | P34: =N34*O34 -> 1680000
A35: 32 | B35: Nguyễn Văn Cường | D35: Thợ | G35: x | H35: x | J35: x | L35: =COUNTIF(E35:K35,"X") -> 3 | M35: =COUNTIF(E35:K35,"X/2")/2 -> 0 | N35: =SUM(L35:M35) -> 3 | O35: 370000 | P35: =N35*O35 -> 1110000
A36: 33 | B36: Nguyễn Thu Mè | D36: Phụ | G36: x | H36: x | J36: x | L36: =COUNTIF(E36:K36,"X") -> 3 | M36: =COUNTIF(E36:K36,"X/2")/2 -> 0 | N36: =SUM(L36:M36) -> 3 | O36: 270000 | P36: =N36*O36 -> 810000
A37: 34 | B37: Nguyễn Văn Chờ | D37: Thợ | E37: x/2 | F37: x | G37: x | H37: x | I37: x | J37: x | K37: x | L37: =COUNTIF(E37:K37,"X") -> 6 | M37: =COUNTIF(E37:K37,"X/2")/2 -> 0.5 | N37: =SUM(L37:M37) -> 6.5 | O37: 360000 | P37: =N37*O37 -> 2340000
A38: 35 | B38: Nguyễn Văn Châu | D38: Phụ | G38: x | H38: x | I38: x | J38: x | K38: x | L38: =COUNTIF(E38:K38,"X") -> 5 | M38: =COUNTIF(E38:K38,"X/2")/2 -> 0 | N38: =SUM(L38:M38) -> 5 | O38: 270000 | P38: =N38*O38 -> 1350000
A39: 36 | B39: Lê Quốc Thịnh | D39: Phụ | L39: =COUNTIF(E39:K39,"X") -> 0 | M39: =COUNTIF(E39:K39,"X/2")/2 -> 0 | N39: =SUM(L39:M39) -> 0 | O39: 260000 | P39: =N39*O39 -> 0
A40: 37 | B40: Lê Văn Xết | D40: Thợ | L40: =COUNTIF(E40:K40,"X") -> 0 | M40: =COUNTIF(E40:K40,"X/2")/2 -> 0 | N40: =SUM(L40:M40) -> 0 | O40: 360000 | P40: =N40*O40 -> 0
A41: 38 | B41: Nguyễn Văn Thiệt | D41: Thợ | L41: =COUNTIF(E41:K41,"X") -> 0 | M41: =COUNTIF(E41:K41,"X/2")/2 -> 0 | N41: =SUM(L41:M41) -> 0 | O41: 360000 | P41: =N41*O41 -> 0
A42: 39 | B42: Huỳnh Văn Lý | D42: Phụ | F42: x | H42: x | I42: x | J42: x | L42: =COUNTIF(E42:K42,"X") -> 4 | M42: =COUNTIF(E42:K42,"X/2")/2 -> 0 | N42: =SUM(L42:M42) -> 4 | O42: 260000 | P42: =N42*O42 -> 1040000
A43: 40 | B43: Lê Việt Đa | D43: Thợ | G43: x | H43: x | I43: x | J43: x | K43: x | L43: =COUNTIF(E43:K43,"X") -> 5 | M43: =COUNTIF(E43:K43,"X/2")/2 -> 0 | N43: =SUM(L43:M43) -> 5 | O43: 370000 | P43: =N43*O43 -> 1850000
A44: 41 | B44: Trần Văn Kỳ | D44: Phụ | L44: =COUNTIF(E44:K44,"X") -> 0 | M44: =COUNTIF(E44:K44,"X/2")/2 -> 0 | N44: =SUM(L44:M44) -> 0 | O44: 270000 | P44: =N44*O44 -> 0
A45: 42 | B45: Nguyễn Văn Bình | D45: Thợ | G45: x | H45: x | I45: x | J45: x | L45: =COUNTIF(E45:K45,"X") -> 4 | M45: =COUNTIF(E45:K45,"X/2")/2 -> 0 | N45: =SUM(L45:M45) -> 4 | O45: 360000 | P45: =N45*O45 -> 1440000
A46: 43 | B46: Tạ Thị Mỵ | D46: Phụ | G46: x | H46: x | I46: x | J46: x | L46: =COUNTIF(E46:K46,"X") -> 4 | M46: =COUNTIF(E46:K46,"X/2")/2 -> 0 | N46: =SUM(L46:M46) -> 4 | O46: 270000 | P46: =N46*O46 -> 1080000
A47: 44 | B47: Lê Văn Khải | D47: Phụ | L47: =COUNTIF(E47:K47,"X") -> 0 | M47: =COUNTIF(E47:K47,"X/2")/2 -> 0 | N47: =SUM(L47:M47) -> 0 | O47: 270000 | P47: =N47*O47 -> 0
A48: 45 | B48: Vương Thị Lý | D48: Phụ | L48: =COUNTIF(E48:K48,"X") -> 0 | M48: =COUNTIF(E48:K48,"X/2")/2 -> 0 | N48: =SUM(L48:M48) -> 0 | O48: 270000 | P48: =N48*O48 -> 0
A49: 46 | B49: Lê Thanh Sáng | D49: Thợ | G49: x | H49: x | I49: x | J49: x | L49: =COUNTIF(E49:K49,"X") -> 4 | M49: =COUNTIF(E49:K49,"X/2")/2 -> 0 | N49: =SUM(L49:M49) -> 4 | O49: 360000 | P49: =N49*O49 -> 1440000
A50: 47 | B50: Nguyễn Văn Sa | D50: Thợ | G50: x | H50: x | I50: x | J50: x | K50: x | L50: =COUNTIF(E50:K50,"X") -> 5 | M50: =COUNTIF(E50:K50,"X/2")/2 -> 0 | N50: =SUM(L50:M50) -> 5 | O50: 360000 | P50: =N50*O50 -> 1800000
A51: 48 | B51: Trần Thị Thu | D51: Phụ | F51: x | G51: x | H51: x | I51: x | J51: x | K51: x | L51: =COUNTIF(E51:K51,"X") -> 6 | M51: =COUNTIF(E51:K51,"X/2")/2 -> 0 | N51: =SUM(L51:M51) -> 6 | O51: 270000 | P51: =N51*O51 -> 1620000
A52: 49 | B52: Ngô Văn Giỏi | D52: Phụ | L52: =COUNTIF(E52:K52,"X") -> 0 | M52: =COUNTIF(E52:K52,"X/2")/2 -> 0 | N52: =SUM(L52:M52) -> 0 | O52: 270000 | P52: =N52*O52 -> 0
A53: 50 | B53: Hồ Thanh Giãn | D53: Thợ | G53: x | H53: x | I53: x | J53: x | K53: x | L53: =COUNTIF(E53:K53,"X") -> 5 | M53: =COUNTIF(E53:K53,"X/2")/2 -> 0 | N53: =SUM(L53:M53) -> 5 | O53: 360000 | P53: =N53*O53 -> 1800000
A54: 51 | B54: Phạm Tấn Phong | D54: Thợ | L54: =COUNTIF(E54:K54,"X") -> 0 | M54: =COUNTIF(E54:K54,"X/2")/2 -> 0 | N54: =SUM(L54:M54) -> 0 | O54: 360000 | P54: =N54*O54 -> 0
A55: 52 | B55: Nguyễn Hồng Lẹ | D55: Phụ | L55: =COUNTIF(E55:K55,"X") -> 0 | M55: =COUNTIF(E55:K55,"X/2")/2 -> 0 | N55: =SUM(L55:M55) -> 0 | O55: 270000 | P55: =N55*O55 -> 0
A56: 53 | B56: Đỗ Ngọc Thảo | D56: Phụ | F56: x | G56: x | H56: x | I56: x | J56: x | K56: x | L56: =COUNTIF(E56:K56,"X") -> 6 | M56: =COUNTIF(E56:K56,"X/2")/2 -> 0 | N56: =SUM(L56:M56) -> 6 | O56: 270000 | P56: =N56*O56 -> 1620000
A57: 54 | B57: Cao Nhựt Khanh | D57: Phụ | E57: x | G57: x | H57: x | I57: x | J57: x | L57: =COUNTIF(E57:K57,"X") -> 5 | M57: =COUNTIF(E57:K57,"X/2")/2 -> 0 | N57: =SUM(L57:M57) -> 5 | O57: 270000 | P57: =N57*O57 -> 1350000
A58: 55 | B58: Lê Trọng Thật | D58: Phụ | G58: x | H58: x | I58: x | J58: x | K58: x | L58: =COUNTIF(E58:K58,"X") -> 5 | M58: =COUNTIF(E58:K58,"X/2")/2 -> 0 | N58: =SUM(L58:M58) -> 5 | O58: 270000 | P58: =N58*O58 -> 1350000
A59: 56 | B59: Nguyễn Thị Lệ | D59: Phụ | L59: =COUNTIF(E59:K59,"X") -> 0 | M59: =COUNTIF(E59:K59,"X/2")/2 -> 0 | N59: =SUM(L59:M59) -> 0 | O59: 270000 | P59: =N59*O59 -> 0
A60: 57 | B60: Nguyễn Văn Mừng | D60: Thợ | L60: =COUNTIF(E60:K60,"X") -> 0 | M60: =COUNTIF(E60:K60,"X/2")/2 -> 0 | N60: =SUM(L60:M60) -> 0 | O60: 360000 | P60: =N60*O60 -> 0
A61: 58 | B61: Lê Hữu Minh | D61: Phụ | G61: x | H61: x | I61: x | J61: x | L61: =COUNTIF(E61:K61,"X") -> 4 | M61: =COUNTIF(E61:K61,"X/2")/2 -> 0 | N61: =SUM(L61:M61) -> 4 | O61: 270000 | P61: =N61*O61 -> 1080000
A62: 59 | B62: Đặng Hoàng Đông | D62: Phụ | K62: x | L62: =COUNTIF(E62:K62,"X") -> 1 | M62: =COUNTIF(E62:K62,"X/2")/2 -> 0 | N62: =SUM(L62:M62) -> 1 | O62: 260000 | P62: =N62*O62 -> 260000
P63: =N63*O63 -> 0
P77: =SUBTOTAL(109,P4:P62) -> 58465000 | Q77: =SUBTOTAL(109,Q4:Q52) -> 500000
E78: =SUBTOTAL(103,E4:E77) -> 8 | F78: =SUBTOTAL(103,F4:F77) -> 15 | G78: =SUBTOTAL(103,G4:G77) -> 30 | H78: =SUBTOTAL(103,H4:H77) -> 33 | I78: =SUBTOTAL(103,I4:I77) -> 29 | J78: =SUBTOTAL(103,J4:J77) -> 37 | K78: =SUBTOTAL(103,K4:K77) -> 22 | L78: =SUBTOTAL(103,L4:L77) -> 59 | M78: =SUBTOTAL(103,M4:M29) -> 26 | N78: =SUBTOTAL(103,N4:N29) -> 26 | O78: =SUBTOTAL(103,O4:O77) -> 59 | P78: =SUBTOTAL(103,P4:P62) -> 59 | Q78: =P77-Q77 -> 57965000

Sheet 2
A1: BẢNG LƯƠNG (từ 2-10.T9/2026)
A2: STT | B2: HỌ TÊN | C2: GHI CHÚ | D2: CV | E2: 2 | F2: =E2+1 -> 3 | G2: =F2+1 -> 4 | H2: =G2+1 -> 5 | I2: =H2+1 -> 6 | J2: =I2+1 -> 7 | K2: =J2+1 -> 8 | L2: =K2+1 -> 9 | M2: =L2+1 -> 10 | N2: Đủ công | O2: Nửa công | P2: TC | Q2: Lương/ngày | R2: Tổng lương | S2: Ký nhận
E3: T2 | F3: T3 | G3: T4 | H3: T5 | I3: T6 | J3: T7 | K3: CN | L3: T2 | M3: T3
A4: 1 | B4: A Lâm | C4: =SUBTOTAL(103,C5:C23) -> 15 | D4: ĐT | E4: x | F4: x | G4: x | H4: x | I4: x | J4: x | K4: x | L4: x | M4: x | N4: =COUNTIF(E4:M4,"X") -> 9 | O4: =COUNTIF(E4:I4,"X/2")/2 -> 0 | P4: =SUM(N4:O4) -> 9 | Q4: 550000 | R4: =P4*Q4 -> 4950000 | S4: 9600000
A5: 2 | B5: Nguyễn Tấn Tài | C5: Có CCCD gửi cty Hưng Long | D5: Thợ | E5: x | F5: x | G5: x | H5: x | I5: x | J5: x | K5: x | L5: x | M5: x | N5: =COUNTIF(E5:M5,"X") -> 9 | O5: =COUNTIF(E5:M5,"X/2")/2 -> 0 | P5: =SUM(N5:O5) -> 9 | Q5: 380000 | R5: =P5*Q5 -> 3420000
A6: =A5+1 -> 3 | B6: Nguyễn Tấn Hùng | D6: Thợ | N6: =COUNTIF(E6:M6,"X") -> 0 | O6: =COUNTIF(E6:M6,"X/2")/2 -> 0 | P6: =SUM(N6:O6) -> 0 | Q6: 360000 | R6: =P6*Q6 -> 0
A7: =A6+1 -> 4 | B7: Mai Văn Đời | C7: Có hình CCCD | D7: Thợ | E7: x | F7: x | G7: x | H7: x | J7: x | K7: x | L7: x | M7: x | N7: =COUNTIF(E7:M7,"X") -> 8 | O7: =COUNTIF(E7:M7,"X/2")/2 -> 0 | P7: =SUM(N7:O7) -> 8 | Q7: 370000 | R7: =P7*Q7 -> 2960000
A8: =A7+1 -> 5 | B8: Nguyễn Văn Đấu | C8: Có CCCD gửi cty Hưng Long | D8: Thợ | E8: x | F8: x | G8: x | I8: x | J8: x | L8: x | M8: x | N8: =COUNTIF(E8:M8,"X") -> 7 | O8: =COUNTIF(E8:M8,"X/2")/2 -> 0 | P8: =SUM(N8:O8) -> 7 | Q8: 370000 | R8: =P8*Q8 -> 2590000 | S8: 1100000
A9: =A8+1 -> 6 | B9: Huỳnh Thanh Tùng | C9: Có hình CCCD | D9: Thợ ép | E9: x | G9: x | H9: x | I9: x | J9: x | K9: x | L9: x | N9: =COUNTIF(E9:M9,"X") -> 7 | O9: =COUNTIF(E9:M9,"X/2")/2 -> 0 | P9: =SUM(N9:O9) -> 7 | Q9: 350000 | R9: =P9*Q9 -> 2450000
A10: =A9+1 -> 7 | B10: Nguyễn Hoàng Vũ | C10: Có CCCD gửi cty Hưng Long | D10: Phụ | E10: x | F10: x | G10: x | H10: x | I10: x | J10: x | K10: x | M10: x | N10: =COUNTIF(E10:M10,"X") -> 8 | O10: =COUNTIF(E10:M10,"X/2")/2 -> 0 | P10: =SUM(N10:O10) -> 8 | Q10: 320000 | R10: =P10*Q10 -> 2560000
A11: =A10+1 -> 8 | B11: Nguyễn Văn Phong | C11: Có hình CCCD | D11: Phụ | E11: x | F11: x | G11: x | H11: x | I11: x | J11: x | K11: x | L11: x | M11: x | N11: =COUNTIF(E11:M11,"X") -> 9 | O11: =COUNTIF(E11:M11,"X/2")/2 -> 0 | P11: =SUM(N11:O11) -> 9 | Q11: 300000 | R11: =P11*Q11 -> 2700000
A12: =A11+1 -> 9 | B12: Nguyễn Công Thức | C12: Có CCCD gửi cty Hưng Long | D12: Phụ | E12: x | F12: x | G12: x | H12: x | I12: x | J12: x | K12: x | L12: x | M12: x | N12: =COUNTIF(E12:M12,"X") -> 9 | O12: =COUNTIF(E12:M12,"X/2")/2 -> 0 | P12: =SUM(N12:O12) -> 9 | Q12: 360000 | R12: =P12*Q12 -> 3240000
A13: =A12+1 -> 10 | B13: Nguyễn Tấn Lợi | C13: Có hình CCCD | D13: Thợ | E13: x | F13: x | G13: x | H13: x | I13: x | J13: x | K13: x | L13: x | M13: x | N13: =COUNTIF(E13:M13,"X") -> 9 | O13: =COUNTIF(E13:M13,"X/2")/2 -> 0 | P13: =SUM(N13:O13) -> 9 | Q13: 400000 | R13: =P13*Q13 -> 3600000
A14: 11 | B14: Mai Văn Bảy | C14: Có hình CCCD | D14: Phụ | E14: x | F14: x | G14: x | H14: x | I14: x | J14: x | L14: x | M14: x | N14: =COUNTIF(E14:M14,"X") -> 8 | O14: =COUNTIF(E14:M14,"X/2")/2 -> 0 | P14: =SUM(N14:O14) -> 8 | Q14: 280000 | R14: =P14*Q14 -> 2240000
A15: =A14+1 -> 12 | B15: Huỳnh Chí Linh | C15: Có hình CCCD | D15: Thợ | E15: x | F15: x | G15: x | H15: x | I15: x | J15: x/2 | L15: x | M15: x/2 | N15: =COUNTIF(E15:M15,"X") -> 6 | O15: =COUNTIF(E15:M15,"X/2")/2 -> 1 | P15: =SUM(N15:O15) -> 7 | Q15: 400000 | R15: =P15*Q15 -> 2800000
A16: =A15+1 -> 13 | B16: Nguyễn Văn Yêm | D16: Thợ | E16: x | F16: x | G16: x | H16: x | I16: x | K16: x | L16: x | M16: x | N16: =COUNTIF(E16:M16,"X") -> 8 | O16: =COUNTIF(E16:M16,"X/2")/2 -> 0 | P16: =SUM(N16:O16) -> 8 | Q16: 390000 | R16: =P16*Q16 -> 3120000
A17: 14 | B17: Nguyễn Thanh Tùng | C17: Có CCCD gửi cty Hưng Long | D17: Thợ | E17: x | F17: x | G17: x | H17: x | I17: x | J17: x | L17: x | M17: x | N17: =COUNTIF(E17:M17,"X") -> 8 | O17: =COUNTIF(E17:M17,"X/2")/2 -> 0 | P17: =SUM(N17:O17) -> 8 | Q17: 370000 | R17: =P17*Q17 -> 2960000
A18: 15 | B18: Nguyễn Văn Mười | D18: Thợ | M18: x | N18: =COUNTIF(E18:M18,"X") -> 1 | O18: =COUNTIF(E18:M18,"X/2")/2 -> 0 | P18: =SUM(N18:O18) -> 1 | Q18: 360000 | R18: =P18*Q18 -> 360000
A19: 16 | B19: Phạm Văn Kiệt | C19: Có CCCD gửi cty Hưng Long | D19: Thợ | E19: x | F19: x | G19: x | H19: x | I19: x | J19: x | K19: x | L19: x | M19: x | N19: =COUNTIF(E19:M19,"X") -> 9 | O19: =COUNTIF(E19:M19,"X/2")/2 -> 0 | P19: =SUM(N19:O19) -> 9 | Q19: 380000 | R19: =P19*Q19 -> 3420000
A20: 17 | B20: Trương Văn Thông | C20: Có CCCD gửi cty Hưng Long | D20: Phụ | E20: x | F20: x | G20: x | H20: x | I20: x | J20: x | L20: x | M20: x | N20: =COUNTIF(E20:M20,"X") -> 8 | O20: =COUNTIF(E20:M20,"X/2")/2 -> 0 | P20: =SUM(N20:O20) -> 8 | Q20: 270000 | R20: =P20*Q20 -> 2160000
A21: 18 | B21: Võ Hoàng Nam | C21: Có CCCD gửi cty Hưng Long | D21: Thợ | E21: x | F21: x | G21: x | H21: x | J21: x | L21: x | M21: x | N21: =COUNTIF(E21:M21,"X") -> 7 | O21: =COUNTIF(E21:M21,"X/2")/2 -> 0 | P21: =SUM(N21:O21) -> 7 | Q21: 380000 | R21: =P21*Q21 -> 2660000
A22: 19 | B22: Trần Thanh Sơn | C22: Có CCCD gửi cty Hưng Long | D22: Thợ | I22: x | J22: x | N22: =COUNTIF(E22:M22,"X") -> 2 | O22: =COUNTIF(E22:M22,"X/2")/2 -> 0 | P22: =SUM(N22:O22) -> 2 | Q22: 370000 | R22: =P22*Q22 -> 740000
A23: 20 | B23: Đinh Văn Thống | D23: Phụ | N23: =COUNTIF(E23:M23,"X") -> 0 | O23: =COUNTIF(E23:M23,"X/2")/2 -> 0 | P23: =SUM(N23:O23) -> 0 | Q23: 280000 | R23: =P23*Q23 -> 0
A24: 21 | B24: Lê Vũ Linh | D24: Thợ | E24: x | F24: x | G24: x | H24: x | J24: x | K24: x | L24: x | M24: x | N24: =COUNTIF(E24:M24,"X") -> 8 | O24: =COUNTIF(E24:M24,"X/2")/2 -> 0 | P24: =SUM(N24:O24) -> 8 | Q24: 380000 | R24: =P24*Q24 -> 3040000
A25: 22 | B25: Nguyễn Thị Cười | D25: Thợ | E25: x | F25: x | G25: x | H25: x | J25: x | K25: x | L25: x | N25: =COUNTIF(E25:M25,"X") -> 7 | O25: =COUNTIF(E25:M25,"X/2")/2 -> 0 | P25: =SUM(N25:O25) -> 7 | Q25: 280000 | R25: =P25*Q25 -> 1960000
A26: 23 | B26: Huỳnh Thanh Xuân | D26: Phụ | N26: =COUNTIF(E26:M26,"X") -> 0 | O26: =COUNTIF(E26:M26,"X/2")/2 -> 0 | P26: =SUM(N26:O26) -> 0 | Q26: 270000 | R26: =P26*Q26 -> 0
A27: 24 | B27: Lâm Hữu Phước | D27: Phụ | E27: x | F27: x | G27: x | H27: x | I27: x | J27: x | N27: =COUNTIF(E27:M27,"X") -> 6 | O27: =COUNTIF(E27:M27,"X/2")/2 -> 0 | P27: =SUM(N27:O27) -> 6 | Q27: 280000 | R27: =P27*Q27 -> 1680000
A28: 25 | B28: Nguyễn Văn Phao | D28: Thợ | N28: =COUNTIF(E28:M28,"X") -> 0 | O28: =COUNTIF(E28:M28,"X/2")/2 -> 0 | P28: =SUM(N28:O28) -> 0 | Q28: 370000 | R28: =P28*Q28 -> 0
A29: 26 | B29: Nguyễn Văn Đa | D29: Phụ | N29: =COUNTIF(E29:M29,"X") -> 0 | O29: =COUNTIF(E29:M29,"X/2")/2 -> 0 | P29: =SUM(N29:O29) -> 0 | Q29: 260000 | R29: =P29*Q29 -> 0
A30: 27 | B30: Lâm Kỳ Phi | D30: Thợ | E30: x | F30: x | G30: x | H30: x | I30: x | J30: x | K30: x | N30: =COUNTIF(E30:M30,"X") -> 7 | O30: =COUNTIF(E30:M30,"X/2")/2 -> 0 | P30: =SUM(N30:O30) -> 7 | Q30: 380000 | R30: =P30*Q30 -> 2660000
A31: 28 | B31: Trần Thanh Phong | D31: Thợ | E31: x | F31: x | G31: x | H31: x | I31: x | J31: x | L31: x | M31: x | N31: =COUNTIF(E31:M31,"X") -> 8 | O31: =COUNTIF(E31:M31,"X/2")/2 -> 0 | P31: =SUM(N31:O31) -> 8 | Q31: 370000 | R31: =P31*Q31 -> 2960000
A32: 29 | B32: Trịnh Văn Phước | D32: Thợ | E32: x | F32: x | G32: x | H32: x | I32: x | N32: =COUNTIF(E32:M32,"X") -> 5 | O32: =COUNTIF(E32:M32,"X/2")/2 -> 0 | P32: =SUM(N32:O32) -> 5 | Q32: 380000 | R32: =P32*Q32 -> 1900000
A33: 30 | B33: Nguyễn Văn Liễu | D33: Thợ | E33: x | F33: x | G33: x | H33: x | I33: x | J33: x | L33: x | N33: =COUNTIF(E33:M33,"X") -> 7 | O33: =COUNTIF(E33:M33,"X/2")/2 -> 0 | P33: =SUM(N33:O33) -> 7 | Q33: 360000 | R33: =P33*Q33 -> 2520000
A34: 31 | B34: Nguyễn Quốc Thiện | D34: Phụ | E34: x | F34: x | G34: x | H34: x | I34: x | J34: x | K34: x | N34: =COUNTIF(E34:M34,"X") -> 7 | O34: =COUNTIF(E34:M34,"X/2")/2 -> 0 | P34: =SUM(N34:O34) -> 7 | Q34: 280000 | R34: =P34*Q34 -> 1960000
A35: 32 | B35: Nguyễn Văn Cường | D35: Thợ | E35: x | F35: x | G35: x | H35: x | I35: x | J35: x | L35: x | M35: x | N35: =COUNTIF(E35:M35,"X") -> 8 | O35: =COUNTIF(E35:M35,"X/2")/2 -> 0 | P35: =SUM(N35:O35) -> 8 | Q35: 370000 | R35: =P35*Q35 -> 2960000
A36: 33 | B36: Nguyễn Thu Mè | D36: Phụ | E36: x | F36: x | G36: x | H36: x | I36: x | J36: x | L36: x | M36: x | N36: =COUNTIF(E36:M36,"X") -> 8 | O36: =COUNTIF(E36:M36,"X/2")/2 -> 0 | P36: =SUM(N36:O36) -> 8 | Q36: 270000 | R36: =P36*Q36 -> 2160000
A37: 34 | B37: Nguyễn Văn Chờ | D37: Thợ | E37: x | F37: x | G37: x | H37: x | I37: x | J37: x | L37: x | N37: =COUNTIF(E37:M37,"X") -> 7 | O37: =COUNTIF(E37:M37,"X/2")/2 -> 0 | P37: =SUM(N37:O37) -> 7 | Q37: 360000 | R37: =P37*Q37 -> 2520000
A38: 35 | B38: Nguyễn Văn Châu | D38: Phụ | E38: x | F38: x | G38: x | H38: x | I38: x | J38: x | L38: x | M38: x | N38: =COUNTIF(E38:M38,"X") -> 8 | O38: =COUNTIF(E38:M38,"X/2")/2 -> 0 | P38: =SUM(N38:O38) -> 8 | Q38: 270000 | R38: =P38*Q38 -> 2160000
A39: 36 | B39: Lê Quốc Thịnh | D39: Phụ | N39: =COUNTIF(E39:M39,"X") -> 0 | O39: =COUNTIF(E39:M39,"X/2")/2 -> 0 | P39: =SUM(N39:O39) -> 0 | Q39: 260000 | R39: =P39*Q39 -> 0
A40: 37 | B40: Lê Văn Xết | D40: Thợ | N40: =COUNTIF(E40:M40,"X") -> 0 | O40: =COUNTIF(E40:M40,"X/2")/2 -> 0 | P40: =SUM(N40:O40) -> 0 | Q40: 360000 | R40: =P40*Q40 -> 0
A41: 38 | B41: Nguyễn Văn Thiệt | D41: Thợ | N41: =COUNTIF(E41:M41,"X") -> 0 | O41: =COUNTIF(E41:M41,"X/2")/2 -> 0 | P41: =SUM(N41:O41) -> 0 | Q41: 360000 | R41: =P41*Q41 -> 0
A42: 39 | B42: Huỳnh Văn Lý | D42: Phụ | E42: x | F42: x | G42: x | I42: x | J42: x | L42: x | M42: x | N42: =COUNTIF(E42:M42,"X") -> 7 | O42: =COUNTIF(E42:M42,"X/2")/2 -> 0 | P42: =SUM(N42:O42) -> 7 | Q42: 260000 | R42: =P42*Q42 -> 1820000
A43: 40 | B43: Lê Việt Đa | D43: Thợ | E43: x | F43: x | G43: x | H43: x | N43: =COUNTIF(E43:M43,"X") -> 4 | O43: =COUNTIF(E43:M43,"X/2")/2 -> 0 | P43: =SUM(N43:O43) -> 4 | Q43: 370000 | R43: =P43*Q43 -> 1480000
A44: 41 | B44: Trần Văn Kỳ | D44: Phụ | N44: =COUNTIF(E44:M44,"X") -> 0 | O44: =COUNTIF(E44:M44,"X/2")/2 -> 0 | P44: =SUM(N44:O44) -> 0 | Q44: 270000 | R44: =P44*Q44 -> 0
A45: 42 | B45: Nguyễn Văn Bình | D45: Thợ | E45: x | F45: x | G45: x | H45: x | I45: x | J45: x | L45: x | M45: x | N45: =COUNTIF(E45:M45,"X") -> 8 | O45: =COUNTIF(E45:M45,"X/2")/2 -> 0 | P45: =SUM(N45:O45) -> 8 | Q45: 360000 | R45: =P45*Q45 -> 2880000
A46: 43 | B46: Tạ Thị Mỵ | D46: Phụ | E46: x | F46: x | G46: x | H46: x | I46: x | J46: x | L46: x | M46: x | N46: =COUNTIF(E46:M46,"X") -> 8 | O46: =COUNTIF(E46:M46,"X/2")/2 -> 0 | P46: =SUM(N46:O46) -> 8 | Q46: 270000 | R46: =P46*Q46 -> 2160000
A47: 44 | B47: Lê Văn Khải | D47: Phụ | N47: =COUNTIF(E47:M47,"X") -> 0 | O47: =COUNTIF(E47:M47,"X/2")/2 -> 0 | P47: =SUM(N47:O47) -> 0 | Q47: 270000 | R47: =P47*Q47 -> 0
A48: 45 | B48: Vương Thị Lý | D48: Phụ | N48: =COUNTIF(E48:M48,"X") -> 0 | O48: =COUNTIF(E48:M48,"X/2")/2 -> 0 | P48: =SUM(N48:O48) -> 0 | Q48: 270000 | R48: =P48*Q48 -> 0
A49: 46 | B49: Lê Thanh Sáng | D49: Thợ | E49: x | F49: x | G49: x | H49: x | I49: x | J49: x | K49: x | L49: x | M49: x | N49: =COUNTIF(E49:M49,"X") -> 9 | O49: =COUNTIF(E49:M49,"X/2")/2 -> 0 | P49: =SUM(N49:O49) -> 9 | Q49: 360000 | R49: =P49*Q49 -> 3240000
A50: 47 | B50: Nguyễn Văn Sa | D50: Thợ | E50: x | F50: x | G50: x | H50: x | I50: x | J50: x | L50: x | M50: x | N50: =COUNTIF(E50:M50,"X") -> 8 | O50: =COUNTIF(E50:M50,"X/2")/2 -> 0 | P50: =SUM(N50:O50) -> 8 | Q50: 360000 | R50: =P50*Q50 -> 2880000
A51: 48 | B51: Trần Thị Thu | D51: Phụ | E51: x | F51: x | G51: x | H51: x | I51: x | J51: x | L51: x | M51: x | N51: =COUNTIF(E51:M51,"X") -> 8 | O51: =COUNTIF(E51:M51,"X/2")/2 -> 0 | P51: =SUM(N51:O51) -> 8 | Q51: 270000 | R51: =P51*Q51 -> 2160000
A52: 49 | B52: Ngô Văn Giỏi | D52: Phụ | N52: =COUNTIF(E52:M52,"X") -> 0 | O52: =COUNTIF(E52:M52,"X/2")/2 -> 0 | P52: =SUM(N52:O52) -> 0 | Q52: 270000 | R52: =P52*Q52 -> 0
A53: 50 | B53: Hồ Thanh Giãn | D53: Thợ | E53: x | F53: x | G53: x | H53: x | I53: x | J53: x | L53: x | M53: x | N53: =COUNTIF(E53:M53,"X") -> 8 | O53: =COUNTIF(E53:M53,"X/2")/2 -> 0 | P53: =SUM(N53:O53) -> 8 | Q53: 360000 | R53: =P53*Q53 -> 2880000
A54: 51 | B54: Phạm Tấn Phong | D54: Thợ | N54: =COUNTIF(E54:M54,"X") -> 0 | O54: =COUNTIF(E54:M54,"X/2")/2 -> 0 | P54: =SUM(N54:O54) -> 0 | Q54: 360000 | R54: =P54*Q54 -> 0
A55: 52 | B55: Nguyễn Hồng Lẹ | D55: Phụ | N55: =COUNTIF(E55:M55,"X") -> 0 | O55: =COUNTIF(E55:M55,"X/2")/2 -> 0 | P55: =SUM(N55:O55) -> 0 | Q55: 270000 | R55: =P55*Q55 -> 0
A56: 53 | B56: Đỗ Ngọc Thảo | D56: Phụ | E56: x | F56: x | G56: x | H56: x | I56: x | J56: x | K56: x | N56: =COUNTIF(E56:M56,"X") -> 7 | O56: =COUNTIF(E56:M56,"X/2")/2 -> 0 | P56: =SUM(N56:O56) -> 7 | Q56: 270000 | R56: =P56*Q56 -> 1890000
A57: 54 | B57: Cao Nhựt Khanh | D57: Phụ | E57: x | F57: x | G57: x | H57: x | I57: x | J57: x | K57: x | N57: =COUNTIF(E57:M57,"X") -> 7 | O57: =COUNTIF(E57:M57,"X/2")/2 -> 0 | P57: =SUM(N57:O57) -> 7 | Q57: 270000 | R57: =P57*Q57 -> 1890000
A58: 55 | B58: Lê Trọng Thật | D58: Phụ | E58: x | F58: x | G58: x | H58: x | I58: x | J58: x | K58: x | L58: x | M58: x | N58: =COUNTIF(E58:M58,"X") -> 9 | O58: =COUNTIF(E58:M58,"X/2")/2 -> 0 | P58: =SUM(N58:O58) -> 9 | Q58: 270000 | R58: =P58*Q58 -> 2430000
A59: 56 | B59: Nguyễn Thị Lệ | D59: Phụ | E59: x | F59: x | G59: x | H59: x | I59: x | L59: x | M59: x | N59: =COUNTIF(E59:M59,"X") -> 7 | O59: =COUNTIF(E59:M59,"X/2")/2 -> 0 | P59: =SUM(N59:O59) -> 7 | Q59: 270000 | R59: =P59*Q59 -> 1890000
A60: 57 | B60: Nguyễn Văn Mừng | D60: Thợ | N60: =COUNTIF(E60:M60,"X") -> 0 | O60: =COUNTIF(E60:M60,"X/2")/2 -> 0 | P60: =SUM(N60:O60) -> 0 | Q60: 360000 | R60: =P60*Q60 -> 0
A61: 58 | B61: Lê Hữu Minh | D61: Phụ | E61: x | F61: x | H61: x | J61: x | K61: x | L61: x | N61: =COUNTIF(E61:M61,"X") -> 6 | O61: =COUNTIF(E61:M61,"X/2")/2 -> 0 | P61: =SUM(N61:O61) -> 6 | Q61: 270000 | R61: =P61*Q61 -> 1620000
A62: 59 | B62: Đặng Hoàng Đông | D62: Phụ | E62: x | F62: x | G62: x | N62: =COUNTIF(E62:M62,"X") -> 3 | O62: =COUNTIF(E62:M62,"X/2")/2 -> 0 | P62: =SUM(N62:O62) -> 3 | Q62: 260000 | R62: =P62*Q62 -> 780000
A63: 60 | B63: Nguyễn Văn Chín | D63: Thợ | E63: x | F63: x | G63: x | H63: x | I63: x | L63: x | M63: x | N63: =COUNTIF(E63:M63,"X") -> 7 | O63: =COUNTIF(E63:M63,"X/2")/2 -> 0 | P63: =SUM(N63:O63) -> 7 | Q63: 360000 | R63: =P63*Q63 -> 2520000
A64: 61 | B64: Ngô Văn Cộp | D64: Phụ | E64: x | F64: x | G64: x | H64: x | I64: x | L64: x | M64: x | N64: =COUNTIF(E64:M64,"X") -> 7 | O64: =COUNTIF(E64:M64,"X/2")/2 -> 0 | P64: =SUM(N64:O64) -> 7 | Q64: 260000 | R64: =P64*Q64 -> 1820000
A65: 62 | B65: Đỗ Văn Liếu | D65: Phụ | E65: x | F65: x | G65: x | H65: x | I65: x | J65: x | L65: x | M65: x | N65: =COUNTIF(E65:M65,"X") -> 8 | O65: =COUNTIF(E65:M65,"X/2")/2 -> 0 | P65: =SUM(N65:O65) -> 8 | Q65: 260000 | R65: =P65*Q65 -> 2080000
A66: 63 | B66: Nguyễn Văn Biết | D66: Thợ | I66: x | J66: x | L66: x | M66: x | N66: =COUNTIF(E66:M66,"X") -> 4 | O66: =COUNTIF(E66:M66,"X/2")/2 -> 0 | P66: =SUM(N66:O66) -> 4 | Q66: 360000 | R66: =P66*Q66 -> 1440000
A67: 64 | B67: Võ Văn Nguyện | D67: Phụ | I67: x | J67: x | N67: =COUNTIF(E67:M67,"X") -> 2 | O67: =COUNTIF(E67:M67,"X/2")/2 -> 0 | P67: =SUM(N67:O67) -> 2 | Q67: 260000 | R67: =P67*Q67 -> 520000
A68: 65 | B68: Nguyễn Văn Lẵm | D68: Thợ | L68: x | M68: x | N68: =COUNTIF(E68:M68,"X") -> 2 | O68: =COUNTIF(E68:M68,"X/2")/2 -> 0 | P68: =SUM(N68:O68) -> 2 | Q68: 360000 | R68: =P68*Q68 -> 720000
N69: =COUNTIF(E69:M69,"X") -> 0 | O69: =COUNTIF(E69:M69,"X/2")/2 -> 0 | P69: =SUM(N69:O69) -> 0 | R69: =P69*Q69 -> 0
N70: =COUNTIF(E70:M70,"X") -> 0 | O70: =COUNTIF(E70:M70,"X/2")/2 -> 0 | P70: =SUM(N70:O70) -> 0 | R70: =P70*Q70 -> 0
N71: =COUNTIF(E71:M71,"X") -> 0 | O71: =COUNTIF(E71:M71,"X/2")/2 -> 0 | P71: =SUM(N71:O71) -> 0 | R71: =P71*Q71 -> 0
N72: =COUNTIF(E72:M72,"X") -> 0 | O72: =COUNTIF(E72:M72,"X/2")/2 -> 0 | P72: =SUM(N72:O72) -> 0 | R72: =P72*Q72 -> 0
R77: =SUBTOTAL(109,R4:R72) -> 116510000 | S77: =SUBTOTAL(109,S4:S52) -> 10700000
E78: =SUBTOTAL(103,E4:E77) -> 45 | F78: =SUBTOTAL(103,F4:F77) -> 44 | G78: =SUBTOTAL(103,G4:G77) -> 44 | H78: =SUBTOTAL(103,H4:H77) -> 42 | I78: =SUBTOTAL(103,I4:I77) -> 41 | J78: =SUBTOTAL(103,J4:J77) -> 41 | M78: =SUBTOTAL(103,M4:M77) -> 35 | N78: =SUBTOTAL(103,N4:N77) -> 69 | O78: =SUBTOTAL(103,O4:O29) -> 26 | P78: =SUBTOTAL(103,P4:P29) -> 26 | Q78: =SUBTOTAL(103,Q4:Q77) -> 65 | R78: =SUBTOTAL(103,R4:R62) -> 59 | S78: =R77-S77 -> 105810000

Sheet 3
A1: BẢNG LƯƠNG (từ 11-20.T3/2026)
A2: STT | B2: HỌ TÊN | C2: GHI CHÚ | D2: CV | E2: 11 | F2: =E2+1 -> 12 | G2: =F2+1 -> 13 | H2: =G2+1 -> 14 | I2: =H2+1 -> 15 | J2: =I2+1 -> 16 | K2: =J2+1 -> 17 | L2: =K2+1 -> 18 | M2: 19 | N2: 20 | O2: Đủ công | P2: Nửa công | Q2: TC | R2: Lương/ngày | S2: Tổng lương | T2: Ký nhận
E3: T4 | F3: T5 | G3: T6 | H3: T7 | I3: CN | J3: T2 | K3: CN | L3: T3 | M3: T4 | N3: T5
A4: 1 | B4: A Lâm | C4: =SUBTOTAL(103,C5:C23) -> 15 | D4: ĐT | E4: x | F4: x | G4: x | H4: x | I4: x | J4: x | K4: x | L4: x | M4: x | N4: x | O4: =COUNTIF(E4:N4,"X") -> 10 | P4: =COUNTIF(E4:I4,"X/2")/2 -> 0 | Q4: =SUM(O4:P4) -> 10 | R4: 550000 | S4: =Q4*R4 -> 5500000
A5: 2 | B5: Nguyễn Tấn Tài | C5: Có CCCD gửi cty Hưng Long | D5: Thợ | E5: x | F5: x | G5: x | H5: x | J5: x | K5: x | L5: x | M5: x | N5: x | O5: =COUNTIF(E5:N5,"X") -> 9 | P5: =COUNTIF(E5:N5,"X/2")/2 -> 0 | Q5: =SUM(O5:P5) -> 9 | R5: 380000 | S5: =Q5*R5 -> 3420000
A6: =A5+1 -> 3 | B6: Nguyễn Tấn Hùng | D6: Thợ | O6: =COUNTIF(E6:N6,"X") -> 0 | P6: =COUNTIF(E6:N6,"X/2")/2 -> 0 | Q6: =SUM(O6:P6) -> 0 | R6: 360000 | S6: =Q6*R6 -> 0
A7: =A6+1 -> 4 | B7: Mai Văn Đời | C7: Có hình CCCD | D7: Thợ | E7: x | F7: x | G7: x | H7: x | J7: x | K7: x | L7: x | M7: x | N7: x | O7: =COUNTIF(E7:N7,"X") -> 9 | P7: =COUNTIF(E7:N7,"X/2")/2 -> 0 | Q7: =SUM(O7:P7) -> 9 | R7: 370000 | S7: =Q7*R7 -> 3330000
A8: =A7+1 -> 5 | B8: Nguyễn Văn Đấu | C8: Có CCCD gửi cty Hưng Long | D8: Thợ | E8: x | F8: x | G8: x | H8: x | J8: x | L8: x | M8: x | N8: x | O8: =COUNTIF(E8:N8,"X") -> 8 | P8: =COUNTIF(E8:N8,"X/2")/2 -> 0 | Q8: =SUM(O8:P8) -> 8 | R8: 370000 | S8: =Q8*R8 -> 2960000 | T8: 300000
A9: =A8+1 -> 6 | B9: Huỳnh Thanh Tùng | C9: Có hình CCCD | D9: Thợ ép | E9: x | G9: x | I9: x | J9: x | K9: x | O9: =COUNTIF(E9:N9,"X") -> 5 | P9: =COUNTIF(E9:N9,"X/2")/2 -> 0 | Q9: =SUM(O9:P9) -> 5 | R9: 350000 | S9: =Q9*R9 -> 1750000
A10: =A9+1 -> 7 | B10: Nguyễn Hoàng Vũ | C10: Có CCCD gửi cty Hưng Long | D10: Phụ | E10: x | F10: x | G10: x | H10: x | J10: x | K10: x | L10: x | M10: x | N10: x | O10: =COUNTIF(E10:N10,"X") -> 9 | P10: =COUNTIF(E10:N10,"X/2")/2 -> 0 | Q10: =SUM(O10:P10) -> 9 | R10: 320000 | S10: =Q10*R10 -> 2880000
A11: =A10+1 -> 8 | B11: Nguyễn Văn Phong | C11: Có hình CCCD | D11: Phụ | E11: x | F11: x | G11: x | H11: x | I11: x | J11: x | K11: x | L11: x | M11: x | N11: x | O11: =COUNTIF(E11:N11,"X") -> 10 | P11: =COUNTIF(E11:N11,"X/2")/2 -> 0 | Q11: =SUM(O11:P11) -> 10 | R11: 300000 | S11: =Q11*R11 -> 3000000 | T11: -150000
A12: =A11+1 -> 9 | B12: Nguyễn Công Thức | C12: Có CCCD gửi cty Hưng Long | D12: Phụ | E12: x | F12: x | G12: x | H12: x | I12: x | J12: x | K12: x | L12: x | M12: x | N12: x | O12: =COUNTIF(E12:N12,"X") -> 10 | P12: =COUNTIF(E12:N12,"X/2")/2 -> 0 | Q12: =SUM(O12:P12) -> 10 | R12: 360000 | S12: =Q12*R12 -> 3600000
A13: =A12+1 -> 10 | B13: Nguyễn Tấn Lợi | C13: Có hình CCCD | D13: Thợ | E13: x | F13: x | G13: x | H13: x | J13: x | K13: x | L13: x | M13: x | O13: =COUNTIF(E13:N13,"X") -> 8 | P13: =COUNTIF(E13:N13,"X/2")/2 -> 0 | Q13: =SUM(O13:P13) -> 8 | R13: 400000 | S13: =Q13*R13 -> 3200000
A14: 11 | B14: Mai Văn Bảy | C14: Có hình CCCD | D14: Phụ | E14: x | F14: x | G14: x | H14: x | J14: x | K14: x | L14: x | M14: x | N14: x | O14: =COUNTIF(E14:N14,"X") -> 9 | P14: =COUNTIF(E14:N14,"X/2")/2 -> 0 | Q14: =SUM(O14:P14) -> 9 | R14: 280000 | S14: =Q14*R14 -> 2520000
A15: =A14+1 -> 12 | B15: Huỳnh Chí Linh | C15: Có hình CCCD | D15: Thợ | N15: x | O15: =COUNTIF(E15:N15,"X") -> 1 | P15: =COUNTIF(E15:N15,"X/2")/2 -> 0 | Q15: =SUM(O15:P15) -> 1 | R15: 400000 | S15: =Q15*R15 -> 400000
A16: =A15+1 -> 13 | B16: Nguyễn Văn Yêm | D16: Thợ | E16: x | F16: x | G16: x | H16: x | J16: x | K16: x | L16: x | M16: x | N16: x | O16: =COUNTIF(E16:N16,"X") -> 9 | P16: =COUNTIF(E16:N16,"X/2")/2 -> 0 | Q16: =SUM(O16:P16) -> 9 | R16: 390000 | S16: =Q16*R16 -> 3510000
A17: 14 | B17: Nguyễn Thanh Tùng | C17: Có CCCD gửi cty Hưng Long | D17: Thợ | E17: x | F17: x | G17: x | H17: x | J17: x | K17: x | L17: x | O17: =COUNTIF(E17:N17,"X") -> 7 | P17: =COUNTIF(E17:N17,"X/2")/2 -> 0 | Q17: =SUM(O17:P17) -> 7 | R17: 370000 | S17: =Q17*R17 -> 2590000
A18: 15 | B18: Nguyễn Văn Mười | D18: Thợ | E18: x | F18: x | G18: x | H18: x | I18: x | J18: x | K18: x | L18: x | M18: x | O18: =COUNTIF(E18:N18,"X") -> 9 | P18: =COUNTIF(E18:N18,"X/2")/2 -> 0 | Q18: =SUM(O18:P18) -> 9 | R18: 360000 | S18: =Q18*R18 -> 3240000
A19: 16 | B19: Phạm Văn Kiệt | C19: Có CCCD gửi cty Hưng Long | D19: Thợ | E19: x | F19: x | G19: x | H19: x | I19: x/2 | L19: x | M19: x | O19: =COUNTIF(E19:N19,"X") -> 6 | P19: =COUNTIF(E19:N19,"X/2")/2 -> 0.5 | Q19: =SUM(O19:P19) -> 6.5 | R19: 380000 | S19: =Q19*R19 -> 2470000
A20: 17 | B20: Trương Văn Thông | C20: Có CCCD gửi cty Hưng Long | D20: Phụ | E20: x | F20: x | G20: x | H20: x | I20: x | K20: x | L20: x | M20: x | N20: x | O20: =COUNTIF(E20:N20,"X") -> 9 | P20: =COUNTIF(E20:N20,"X/2")/2 -> 0 | Q20: =SUM(O20:P20) -> 9 | R20: 270000 | S20: =Q20*R20 -> 2430000
A21: 18 | B21: Võ Hoàng Nam | C21: Có CCCD gửi cty Hưng Long | D21: Thợ | E21: x | H21: x | J21: x | K21: x | L21: x | M21: x | N21: x | O21: =COUNTIF(E21:N21,"X") -> 7 | P21: =COUNTIF(E21:N21,"X/2")/2 -> 0 | Q21: =SUM(O21:P21) -> 7 | R21: 380000 | S21: =Q21*R21 -> 2660000
A22: 19 | B22: Trần Thanh Sơn | C22: Có CCCD gửi cty Hưng Long | D22: Thợ | H22: x | J22: x | K22: x | L22: x | O22: =COUNTIF(E22:N22,"X") -> 4 | P22: =COUNTIF(E22:N22,"X/2")/2 -> 0 | Q22: =SUM(O22:P22) -> 4 | R22: 370000 | S22: =Q22*R22 -> 1480000
A23: 20 | B23: Đinh Văn Thống | D23: Phụ | O23: =COUNTIF(E23:N23,"X") -> 0 | P23: =COUNTIF(E23:N23,"X/2")/2 -> 0 | Q23: =SUM(O23:P23) -> 0 | R23: 280000 | S23: =Q23*R23 -> 0
A24: 21 | B24: Lê Vũ Linh | D24: Thợ | E24: x | F24: x | G24: x | H24: x | I24: x/2 | J24: x | K24: x | L24: x | M24: x | N24: x | O24: =COUNTIF(E24:N24,"X") -> 9 | P24: =COUNTIF(E24:N24,"X/2")/2 -> 0.5 | Q24: =SUM(O24:P24) -> 9.5 | R24: 380000 | S24: =Q24*R24 -> 3610000
A25: 22 | B25: Nguyễn Thị Cười | D25: Thợ | J25: x | K25: x | L25: x | M25: x | N25: x | O25: =COUNTIF(E25:N25,"X") -> 5 | P25: =COUNTIF(E25:N25,"X/2")/2 -> 0 | Q25: =SUM(O25:P25) -> 5 | R25: 280000 | S25: =Q25*R25 -> 1400000
A26: 23 | B26: Huỳnh Thanh Xuân | D26: Phụ | O26: =COUNTIF(E26:N26,"X") -> 0 | P26: =COUNTIF(E26:N26,"X/2")/2 -> 0 | Q26: =SUM(O26:P26) -> 0 | R26: 270000 | S26: =Q26*R26 -> 0
A27: 24 | B27: Lâm Hữu Phước | D27: Phụ | F27: x | G27: x | H27: x | J27: x | K27: x | L27: x | M27: x | N27: x | O27: =COUNTIF(E27:N27,"X") -> 8 | P27: =COUNTIF(E27:N27,"X/2")/2 -> 0 | Q27: =SUM(O27:P27) -> 8 | R27: 280000 | S27: =Q27*R27 -> 2240000
A28: 25 | B28: Nguyễn Văn Phao | D28: Thợ | O28: =COUNTIF(E28:N28,"X") -> 0 | P28: =COUNTIF(E28:N28,"X/2")/2 -> 0 | Q28: =SUM(O28:P28) -> 0 | R28: 370000 | S28: =Q28*R28 -> 0
A29: 26 | B29: Nguyễn Văn Đa | D29: Phụ | O29: =COUNTIF(E29:N29,"X") -> 0 | P29: =COUNTIF(E29:N29,"X/2")/2 -> 0 | Q29: =SUM(O29:P29) -> 0 | R29: 260000 | S29: =Q29*R29 -> 0
A30: 27 | B30: Lâm Kỳ Phi | D30: Thợ | F30: x | G30: x | H30: x | I30: x/2 | J30: x | K30: x | L30: x | M30: x | N30: x | O30: =COUNTIF(E30:N30,"X") -> 8 | P30: =COUNTIF(E30:N30,"X/2")/2 -> 0.5 | Q30: =SUM(O30:P30) -> 8.5 | R30: 380000 | S30: =Q30*R30 -> 3230000
A31: 28 | B31: Trần Thanh Phong | D31: Thợ | E31: x | F31: x | G31: x | H31: x | J31: x | K31: x | L31: x | M31: x | O31: =COUNTIF(E31:N31,"X") -> 8 | P31: =COUNTIF(E31:N31,"X/2")/2 -> 0 | Q31: =SUM(O31:P31) -> 8 | R31: 370000 | S31: =Q31*R31 -> 2960000
A32: 29 | B32: Trịnh Văn Phước | D32: Thợ | L32: x | M32: x | N32: x | O32: =COUNTIF(E32:N32,"X") -> 3 | P32: =COUNTIF(E32:N32,"X/2")/2 -> 0 | Q32: =SUM(O32:P32) -> 3 | R32: 380000 | S32: =Q32*R32 -> 1140000
A33: 30 | B33: Nguyễn Văn Liễu | D33: Thợ | E33: x | F33: x | G33: x | H33: x | I33: x | J33: x | K33: x | L33: x | M33: x | N33: x | O33: =COUNTIF(E33:N33,"X") -> 10 | P33: =COUNTIF(E33:N33,"X/2")/2 -> 0 | Q33: =SUM(O33:P33) -> 10 | R33: 360000 | S33: =Q33*R33 -> 3600000
A34: 31 | B34: Nguyễn Quốc Thiện | D34: Phụ | E34: x | F34: x | G34: x | H34: x | I34: x | J34: x | K34: x | L34: x | M34: x | N34: x | O34: =COUNTIF(E34:N34,"X") -> 10 | P34: =COUNTIF(E34:N34,"X/2")/2 -> 0 | Q34: =SUM(O34:P34) -> 10 | R34: 280000 | S34: =Q34*R34 -> 2800000
A35: 32 | B35: Nguyễn Văn Cường | D35: Thợ | E35: x | F35: x | G35: x | H35: x | J35: x | K35: x | L35: x | M35: x | N35: x | O35: =COUNTIF(E35:N35,"X") -> 9 | P35: =COUNTIF(E35:N35,"X/2")/2 -> 0 | Q35: =SUM(O35:P35) -> 9 | R35: 370000 | S35: =Q35*R35 -> 3330000
A36: 33 | B36: Nguyễn Thu Mè | D36: Phụ | E36: x | F36: x | G36: x | H36: x | J36: x | K36: x | L36: x | M36: x | N36: x | O36: =COUNTIF(E36:N36,"X") -> 9 | P36: =COUNTIF(E36:N36,"X/2")/2 -> 0 | Q36: =SUM(O36:P36) -> 9 | R36: 270000 | S36: =Q36*R36 -> 2430000
A37: 34 | B37: Nguyễn Văn Chờ | D37: Thợ | E37: x | F37: x | G37: x | H37: x | J37: x | K37: x | L37: x | M37: x | N37: x | O37: =COUNTIF(E37:N37,"X") -> 9 | P37: =COUNTIF(E37:N37,"X/2")/2 -> 0 | Q37: =SUM(O37:P37) -> 9 | R37: 360000 | S37: =Q37*R37 -> 3240000
A38: 35 | B38: Nguyễn Văn Châu | D38: Phụ | E38: x | F38: x | G38: x | H38: x | L38: x | M38: x | N38: x | O38: =COUNTIF(E38:N38,"X") -> 7 | P38: =COUNTIF(E38:N38,"X/2")/2 -> 0 | Q38: =SUM(O38:P38) -> 7 | R38: 270000 | S38: =Q38*R38 -> 1890000
A39: 36 | B39: Lê Quốc Thịnh | D39: Phụ | O39: =COUNTIF(E39:N39,"X") -> 0 | P39: =COUNTIF(E39:N39,"X/2")/2 -> 0 | Q39: =SUM(O39:P39) -> 0 | R39: 260000 | S39: =Q39*R39 -> 0
A40: 37 | B40: Lê Văn Xết | D40: Thợ | J40: x | K40: x | L40: x | M40: x | N40: x | O40: =COUNTIF(E40:N40,"X") -> 5 | P40: =COUNTIF(E40:N40,"X/2")/2 -> 0 | Q40: =SUM(O40:P40) -> 5 | R40: 360000 | S40: =Q40*R40 -> 1800000
A41: 38 | B41: Nguyễn Văn Thiệt | D41: Thợ | O41: =COUNTIF(E41:N41,"X") -> 0 | P41: =COUNTIF(E41:N41,"X/2")/2 -> 0 | Q41: =SUM(O41:P41) -> 0 | R41: 360000 | S41: =Q41*R41 -> 0
A42: 39 | B42: Huỳnh Văn Lý | D42: Phụ | E42: x | F42: x | G42: x | H42: x | J42: x | K42: x | L42: x | M42: x | N42: x | O42: =COUNTIF(E42:N42,"X") -> 9 | P42: =COUNTIF(E42:N42,"X/2")/2 -> 0 | Q42: =SUM(O42:P42) -> 9 | R42: 260000 | S42: =Q42*R42 -> 2340000
A43: 40 | B43: Lê Việt Đa | D43: Thợ | F43: x | G43: x | H43: x | J43: x | K43: x | L43: x | O43: =COUNTIF(E43:N43,"X") -> 6 | P43: =COUNTIF(E43:N43,"X/2")/2 -> 0 | Q43: =SUM(O43:P43) -> 6 | R43: 370000 | S43: =Q43*R43 -> 2220000
A44: 41 | B44: Trần Văn Kỳ | D44: Phụ | O44: =COUNTIF(E44:N44,"X") -> 0 | P44: =COUNTIF(E44:N44,"X/2")/2 -> 0 | Q44: =SUM(O44:P44) -> 0 | R44: 270000 | S44: =Q44*R44 -> 0
A45: 42 | B45: Nguyễn Văn Bình | D45: Thợ | E45: x | F45: x | G45: x | H45: x | I45: x | J45: x | K45: x | L45: x | M45: x | N45: x | O45: =COUNTIF(E45:N45,"X") -> 10 | P45: =COUNTIF(E45:N45,"X/2")/2 -> 0 | Q45: =SUM(O45:P45) -> 10 | R45: 360000 | S45: =Q45*R45 -> 3600000
A46: 43 | B46: Tạ Thị Mỵ | D46: Phụ | E46: x | F46: x | G46: x | H46: x | I46: x | J46: x | K46: x | L46: x | M46: x | N46: x | O46: =COUNTIF(E46:N46,"X") -> 10 | P46: =COUNTIF(E46:N46,"X/2")/2 -> 0 | Q46: =SUM(O46:P46) -> 10 | R46: 270000 | S46: =Q46*R46 -> 2700000
A47: 44 | B47: Lê Văn Khải | D47: Phụ | O47: =COUNTIF(E47:N47,"X") -> 0 | P47: =COUNTIF(E47:N47,"X/2")/2 -> 0 | Q47: =SUM(O47:P47) -> 0 | R47: 270000 | S47: =Q47*R47 -> 0
A48: 45 | B48: Vương Thị Lý | D48: Phụ | O48: =COUNTIF(E48:N48,"X") -> 0 | P48: =COUNTIF(E48:N48,"X/2")/2 -> 0 | Q48: =SUM(O48:P48) -> 0 | R48: 270000 | S48: =Q48*R48 -> 0
A49: 46 | B49: Lê Thanh Sáng | D49: Thợ | E49: x | F49: x | G49: x | H49: x | J49: x | K49: x | L49: x | M49: x | N49: x | O49: =COUNTIF(E49:N49,"X") -> 9 | P49: =COUNTIF(E49:N49,"X/2")/2 -> 0 | Q49: =SUM(O49:P49) -> 9 | R49: 360000 | S49: =Q49*R49 -> 3240000
A50: 47 | B50: Nguyễn Văn Sa | D50: Thợ | E50: x | F50: x | G50: x | H50: x | J50: x | K50: x | L50: x | M50: x | N50: x | O50: =COUNTIF(E50:N50,"X") -> 9 | P50: =COUNTIF(E50:N50,"X/2")/2 -> 0 | Q50: =SUM(O50:P50) -> 9 | R50: 360000 | S50: =Q50*R50 -> 3240000
A51: 48 | B51: Trần Thị Thu | D51: Phụ | E51: x | F51: x | G51: x | H51: x | J51: x | K51: x | L51: x | M51: x | N51: x | O51: =COUNTIF(E51:N51,"X") -> 9 | P51: =COUNTIF(E51:N51,"X/2")/2 -> 0 | Q51: =SUM(O51:P51) -> 9 | R51: 270000 | S51: =Q51*R51 -> 2430000
A52: 49 | B52: Ngô Văn Giỏi | D52: Phụ | O52: =COUNTIF(E52:N52,"X") -> 0 | P52: =COUNTIF(E52:N52,"X/2")/2 -> 0 | Q52: =SUM(O52:P52) -> 0 | R52: 270000 | S52: =Q52*R52 -> 0
A53: 50 | B53: Hồ Thanh Giãn | D53: Thợ | E53: x | F53: x | G53: x | H53: x | J53: x | K53: x | L53: x | M53: x | N53: x | O53: =COUNTIF(E53:N53,"X") -> 9 | P53: =COUNTIF(E53:N53,"X/2")/2 -> 0 | Q53: =SUM(O53:P53) -> 9 | R53: 360000 | S53: =Q53*R53 -> 3240000
A54: 51 | B54: Phạm Tấn Phong | D54: Thợ | O54: =COUNTIF(E54:N54,"X") -> 0 | P54: =COUNTIF(E54:N54,"X/2")/2 -> 0 | Q54: =SUM(O54:P54) -> 0 | R54: 360000 | S54: =Q54*R54 -> 0
A55: 52 | B55: Nguyễn Hồng Lẹ | D55: Phụ | O55: =COUNTIF(E55:N55,"X") -> 0 | P55: =COUNTIF(E55:N55,"X/2")/2 -> 0 | Q55: =SUM(O55:P55) -> 0 | R55: 270000 | S55: =Q55*R55 -> 0
A56: 53 | B56: Đỗ Ngọc Thảo | D56: Phụ | F56: x | G56: x | H56: x | I56: x/2 | J56: x | K56: x | L56: x | M56: x | N56: x | O56: =COUNTIF(E56:N56,"X") -> 8 | P56: =COUNTIF(E56:N56,"X/2")/2 -> 0.5 | Q56: =SUM(O56:P56) -> 8.5 | R56: 270000 | S56: =Q56*R56 -> 2295000
A57: 54 | B57: Cao Nhựt Khanh | D57: Phụ | E57: x | F57: x | G57: x | H57: x | I57: x | J57: x | L57: x | M57: x | N57: x | O57: =COUNTIF(E57:N57,"X") -> 9 | P57: =COUNTIF(E57:N57,"X/2")/2 -> 0 | Q57: =SUM(O57:P57) -> 9 | R57: 270000 | S57: =Q57*R57 -> 2430000
A58: 55 | B58: Lê Trọng Thật | D58: Phụ | E58: x | G58: x | H58: x | I58: x | J58: x | K58: x | L58: x | M58: x | N58: x | O58: =COUNTIF(E58:N58,"X") -> 9 | P58: =COUNTIF(E58:N58,"X/2")/2 -> 0 | Q58: =SUM(O58:P58) -> 9 | R58: 270000 | S58: =Q58*R58 -> 2430000
A59: 56 | B59: Nguyễn Thị Lệ | D59: Phụ | E59: x | G59: x | J59: x | K59: x | L59: x | M59: x | N59: x | O59: =COUNTIF(E59:N59,"X") -> 7 | P59: =COUNTIF(E59:N59,"X/2")/2 -> 0 | Q59: =SUM(O59:P59) -> 7 | R59: 270000 | S59: =Q59*R59 -> 1890000
A60: 57 | B60: Nguyễn Văn Mừng | D60: Thợ | O60: =COUNTIF(E60:N60,"X") -> 0 | P60: =COUNTIF(E60:N60,"X/2")/2 -> 0 | Q60: =SUM(O60:P60) -> 0 | R60: 360000 | S60: =Q60*R60 -> 0
A61: 58 | B61: Lê Hữu Minh | D61: Phụ | J61: x | K61: x | O61: =COUNTIF(E61:N61,"X") -> 2 | P61: =COUNTIF(E61:N61,"X/2")/2 -> 0 | Q61: =SUM(O61:P61) -> 2 | R61: 270000 | S61: =Q61*R61 -> 540000
A62: 59 | B62: Đặng Hoàng Đông | D62: Phụ | O62: =COUNTIF(E62:N62,"X") -> 0 | P62: =COUNTIF(E62:N62,"X/2")/2 -> 0 | Q62: =SUM(O62:P62) -> 0 | R62: 260000 | S62: =Q62*R62 -> 0
A63: 60 | B63: Nguyễn Văn Chín | D63: Thợ | E63: x | F63: x | G63: x | H63: x | K63: x | L63: x | M63: x | N63: x | O63: =COUNTIF(E63:N63,"X") -> 8 | P63: =COUNTIF(E63:N63,"X/2")/2 -> 0 | Q63: =SUM(O63:P63) -> 8 | R63: 360000 | S63: =Q63*R63 -> 2880000
A64: 61 | B64: Ngô Văn Cộp | D64: Phụ | E64: x | F64: x | G64: x | H64: x | K64: x | L64: x | M64: x | N64: x | O64: =COUNTIF(E64:N64,"X") -> 8 | P64: =COUNTIF(E64:N64,"X/2")/2 -> 0 | Q64: =SUM(O64:P64) -> 8 | R64: 260000 | S64: =Q64*R64 -> 2080000
A65: 62 | B65: Đỗ Văn Liếu | D65: Phụ | O65: =COUNTIF(E65:N65,"X") -> 0 | P65: =COUNTIF(E65:N65,"X/2")/2 -> 0 | Q65: =SUM(O65:P65) -> 0 | R65: 260000 | S65: =Q65*R65 -> 0
A66: 63 | B66: Nguyễn Văn Biết | D66: Thợ | E66: x | F66: x | G66: x | H66: x | K66: x | L66: x | M66: x | N66: x | O66: =COUNTIF(E66:N66,"X") -> 8 | P66: =COUNTIF(E66:N66,"X/2")/2 -> 0 | Q66: =SUM(O66:P66) -> 8 | R66: 360000 | S66: =Q66*R66 -> 2880000
A67: 64 | B67: Võ Văn Nguyện | D67: Phụ | F67: x | G67: x | H67: x | O67: =COUNTIF(E67:N67,"X") -> 3 | P67: =COUNTIF(E67:N67,"X/2")/2 -> 0 | Q67: =SUM(O67:P67) -> 3 | R67: 260000 | S67: =Q67*R67 -> 780000
A68: 65 | B68: Nguyễn Văn Lẵm | D68: Thợ | E68: x | F68: x | G68: x | H68: x | J68: x | K68: x | L68: x | M68: x | N68: x | O68: =COUNTIF(E68:N68,"X") -> 9 | P68: =COUNTIF(E68:N68,"X/2")/2 -> 0 | Q68: =SUM(O68:P68) -> 9 | R68: 360000 | S68: =Q68*R68 -> 3240000
A69: 66 | B69: Huỳnh Văn Cường | D69: Phụ | E69: x | F69: x | G69: x | H69: x | O69: =COUNTIF(E69:N69,"X") -> 4 | P69: =COUNTIF(E69:N69,"X/2")/2 -> 0 | Q69: =SUM(O69:P69) -> 4 | R69: 260000 | S69: =Q69*R69 -> 1040000
A70: 67 | B70: Trần Thị Thanh Thúy | D70: Phụ | F70: x | G70: x | H70: x | O70: =COUNTIF(E70:N70,"X") -> 3 | P70: =COUNTIF(E70:N70,"X/2")/2 -> 0 | Q70: =SUM(O70:P70) -> 3 | R70: 260000 | S70: =Q70*R70 -> 780000
A71: 68 | B71: Nguyễn Văn Xuyên | D71: Phụ | K71: x | L71: x | O71: =COUNTIF(E71:N71,"X") -> 2 | P71: =COUNTIF(E71:N71,"X/2")/2 -> 0 | Q71: =SUM(O71:P71) -> 2 | R71: 270000 | S71: =Q71*R71 -> 540000
S77: =SUBTOTAL(109,S4:S72) -> 131425000 | T77: =SUBTOTAL(109,T4:T52) -> 150000
E78: =SUBTOTAL(103,E4:E77) -> 39 | F78: =SUBTOTAL(103,F4:F77) -> 41 | G78: =SUBTOTAL(103,G4:G77) -> 44 | H78: =SUBTOTAL(103,H4:H77) -> 44 | I78: =SUBTOTAL(103,I4:I77) -> 16 | J78: =SUBTOTAL(103,J4:J77) -> 40 | N78: =SUBTOTAL(103,N4:N77) -> 39 | O78: =SUBTOTAL(103,O4:O77) -> 68 | P78: =SUBTOTAL(103,P4:P29) -> 26 | Q78: =SUBTOTAL(103,Q4:Q29) -> 26 | R78: =SUBTOTAL(103,R4:R77) -> 68 | S78: =SUBTOTAL(103,S4:S62) -> 59 | T78: =S77-T77 -> 131275000

Sheet 4
A1: BẢNG LƯƠNG (từ 21-31.T3/2026)
A2: STT | B2: HỌ TÊN | C2: GHI CHÚ | D2: CV | E2: 21 | F2: =E2+1 -> 22 | G2: =F2+1 -> 23 | H2: =G2+1 -> 24 | I2: =H2+1 -> 25 | J2: =I2+1 -> 26 | K2: =J2+1 -> 27 | L2: =K2+1 -> 28 | M2: =L2+1 -> 29 | ... O2: =N2+1 -> 31 | P2: Đủ công | Q2: Nửa công | R2: TC | S2: Lương/ngày | T2: Tổng lương | U2: Ký nhận
E3: T7 | F3: T2 | G3: CN | H3: T3 | I3: T4 | J3: T5 | K3: T6 | L3: T7 | M3: CN | N3: T2 | O3: T3
A4: 1 | B4: A Lâm | C4: =SUBTOTAL(103,C5:C22) -> 15 | D4: ĐT | E4: x | F4: x | G4: x | H4: x | I4: x | J4: x | K4: x | L4: x | M4: x | N4: x | O4: x | P4: =COUNTIF(E4:O4,"X") -> 11 | Q4: =COUNTIF(E4:I4,"X/2")/2 -> 0 | R4: =SUM(P4:Q4) -> 11 | S4: 550000 | T4: =R4*S4 -> 6050000 | U4: 9000000
A5: 2 | B5: Nguyễn Tấn Tài | C5: Có CCCD gửi cty Hưng Long | D5: Thợ | G5: x | H5: x | I5: x | J5: x | K5: x | L5: x | N5: x | O5: x | P5: =COUNTIF(E5:O5,"X") -> 8 | Q5: =COUNTIF(E5:O5,"X/2")/2 -> 0 | R5: =SUM(P5:Q5) -> 8 | S5: 380000 | T5: =R5*S5 -> 3040000
A6: 3 | B6: Mai Văn Đời | C6: Có hình CCCD | D6: Thợ | E6: x | G6: x | H6: x | I6: x | J6: x | K6: x | L6: x | N6: x | O6: x | P6: =COUNTIF(E6:O6,"X") -> 9 | Q6: =COUNTIF(E6:O6,"X/2")/2 -> 0 | R6: =SUM(P6:Q6) -> 9 | S6: 370000 | T6: =R6*S6 -> 3330000
A7: =A6+1 -> 4 | B7: Nguyễn Văn Đấu | C7: Có CCCD gửi cty Hưng Long | D7: Thợ | E7: x | G7: x | H7: x | I7: x | J7: x | K7: x | L7: x | O7: x/2 | P7: =COUNTIF(E7:O7,"X") -> 7 | Q7: =COUNTIF(E7:O7,"X/2")/2 -> 0.5 | R7: =SUM(P7:Q7) -> 7.5 | S7: 370000 | T7: =R7*S7 -> 2775000
A8: =A7+1 -> 5 | B8: Huỳnh Thanh Tùng | C8: Có hình CCCD | D8: Thợ ép | E8: x | F8: x | G8: x | H8: x | I8: x | J8: x | M8: x | N8: x/2 | O8: x | P8: =COUNTIF(E8:O8,"X") -> 8 | Q8: =COUNTIF(E8:O8,"X/2")/2 -> 0.5 | R8: =SUM(P8:Q8) -> 8.5 | S8: 350000 | T8: =R8*S8 -> 2975000
A9: =A8+1 -> 6 | B9: Nguyễn Hoàng Vũ | C9: Có CCCD gửi cty Hưng Long | D9: Phụ | E9: x | G9: x | H9: x | I9: x | J9: x | K9: x | L9: x | N9: x | O9: x | P9: =COUNTIF(E9:O9,"X") -> 9 | Q9: =COUNTIF(E9:O9,"X/2")/2 -> 0 | R9: =SUM(P9:Q9) -> 9 | S9: 320000 | T9: =R9*S9 -> 2880000
A10: =A9+1 -> 7 | B10: Nguyễn Văn Phong | C10: Có hình CCCD | D10: Phụ | E10: x | G10: x | H10: x | I10: x | J10: x | K10: x | L10: x | N10: x | O10: x | P10: =COUNTIF(E10:O10,"X") -> 9 | Q10: =COUNTIF(E10:O10,"X/2")/2 -> 0 | R10: =SUM(P10:Q10) -> 9 | S10: 300000 | T10: =R10*S10 -> 2700000
A11: =A10+1 -> 8 | B11: Nguyễn Công Thức | C11: Có CCCD gửi cty Hưng Long | D11: Phụ | E11: x | F11: x | G11: x | H11: x | I11: x | J11: x | K11: x | L11: x | M11: x | N11: x | O11: x | P11: =COUNTIF(E11:O11,"X") -> 11 | Q11: =COUNTIF(E11:O11,"X/2")/2 -> 0 | R11: =SUM(P11:Q11) -> 11 | S11: 360000 | T11: =R11*S11 -> 3960000
A12: =A11+1 -> 9 | B12: Nguyễn Tấn Lợi | C12: Có hình CCCD | D12: Thợ | E12: x | F12: x | G12: x | H12: x | I12: x | J12: x | K12: x | P12: =COUNTIF(E12:O12,"X") -> 7 | Q12: =COUNTIF(E12:O12,"X/2")/2 -> 0 | R12: =SUM(P12:Q12) -> 7 | S12: 400000 | T12: =R12*S12 -> 2800000
A13: 10 | B13: Mai Văn Bảy | C13: Có hình CCCD | D13: Phụ | E13: x | G13: x | H13: x | I13: x | J13: x | P13: =COUNTIF(E13:O13,"X") -> 5 | Q13: =COUNTIF(E13:O13,"X/2")/2 -> 0 | R13: =SUM(P13:Q13) -> 5 | S13: 280000 | T13: =R13*S13 -> 1400000
A14: =A13+1 -> 11 | B14: Huỳnh Chí Linh | C14: Có hình CCCD | D14: Thợ | E14: x | F14: x | G14: x | H14: x | I14: x | J14: x | K14: x | M14: x | N14: x | P14: =COUNTIF(E14:O14,"X") -> 9 | Q14: =COUNTIF(E14:O14,"X/2")/2 -> 0 | R14: =SUM(P14:Q14) -> 9 | S14: 400000 | T14: =R14*S14 -> 3600000
A15: =A14+1 -> 12 | B15: Nguyễn Văn Yêm | D15: Thợ | E15: x | G15: x | H15: x | I15: x | J15: x | K15: x | L15: x | N15: x | O15: x | P15: =COUNTIF(E15:O15,"X") -> 9 | Q15: =COUNTIF(E15:O15,"X/2")/2 -> 0 | R15: =SUM(P15:Q15) -> 9 | S15: 390000 | T15: =R15*S15 -> 3510000
A16: =A15+1 -> 13 | B16: Nguyễn Thanh Tùng | C16: Có CCCD gửi cty Hưng Long | D16: Thợ | E16: x | G16: x | H16: x | I16: x | J16: x | K16: x | L16: x | N16: x | O16: x | P16: =COUNTIF(E16:O16,"X") -> 9 | Q16: =COUNTIF(E16:O16,"X/2")/2 -> 0 | R16: =SUM(P16:Q16) -> 9 | S16: 370000 | T16: =R16*S16 -> 3330000
A17: =A16+1 -> 14 | B17: Nguyễn Văn Mười | D17: Thợ | E17: x | F17: x | G17: x | H17: x | I17: x | J17: x | K17: x | N17: x | P17: =COUNTIF(E17:O17,"X") -> 8 | Q17: =COUNTIF(E17:O17,"X/2")/2 -> 0 | R17: =SUM(P17:Q17) -> 8 | S17: 360000 | T17: =R17*S17 -> 2880000
A18: =A17+1 -> 15 | B18: Phạm Văn Kiệt | C18: Có CCCD gửi cty Hưng Long | D18: Thợ | E18: x | F18: x | G18: x | H18: x | I18: x | J18: x | K18: x | L18: x | N18: x | O18: x | P18: =COUNTIF(E18:O18,"X") -> 10 | Q18: =COUNTIF(E18:O18,"X/2")/2 -> 0 | R18: =SUM(P18:Q18) -> 10 | S18: 380000 | T18: =R18*S18 -> 3800000
A19: =A18+1 -> 16 | B19: Trương Văn Thông | C19: Có CCCD gửi cty Hưng Long | D19: Phụ | E19: x | G19: x | H19: x | I19: x | J19: x | K19: x | L19: x | N19: x | O19: x | P19: =COUNTIF(E19:O19,"X") -> 9 | Q19: =COUNTIF(E19:O19,"X/2")/2 -> 0 | R19: =SUM(P19:Q19) -> 9 | S19: 270000 | T19: =R19*S19 -> 2430000
A20: =A19+1 -> 17 | B20: Võ Hoàng Nam | C20: Có CCCD gửi cty Hưng Long | D20: Thợ | E20: x | G20: x | H20: x | I20: x | J20: x | K20: x | L20: x | N20: x | O20: x | P20: =COUNTIF(E20:O20,"X") -> 9 | Q20: =COUNTIF(E20:O20,"X/2")/2 -> 0 | R20: =SUM(P20:Q20) -> 9 | S20: 380000 | T20: =R20*S20 -> 3420000
A21: =A20+1 -> 18 | B21: Trần Thanh Sơn | C21: Có CCCD gửi cty Hưng Long | D21: Thợ | G21: x | H21: x | I21: x | J21: x | K21: x | L21: x | P21: =COUNTIF(E21:O21,"X") -> 6 | Q21: =COUNTIF(E21:O21,"X/2")/2 -> 0 | R21: =SUM(P21:Q21) -> 6 | S21: 370000 | T21: =R21*S21 -> 2220000
A22: =A21+1 -> 19 | B22: Đinh Văn Thống | D22: Phụ | P22: =COUNTIF(E22:O22,"X") -> 0 | Q22: =COUNTIF(E22:O22,"X/2")/2 -> 0 | R22: =SUM(P22:Q22) -> 0 | S22: 280000 | T22: =R22*S22 -> 0
A23: =A22+1 -> 20 | B23: Lê Vũ Linh | D23: Thợ | E23: x | F23: x | G23: x | H23: x | I23: x | J23: x | K23: x | L23: x | M23: x | N23: x | O23: x/2 | P23: =COUNTIF(E23:O23,"X") -> 10 | Q23: =COUNTIF(E23:O23,"X/2")/2 -> 0.5 | R23: =SUM(P23:Q23) -> 10.5 | S23: 380000 | T23: =R23*S23 -> 3990000
A24: =A23+1 -> 21 | B24: Nguyễn Thị Cười | D24: Thợ | E24: x | F24: x | G24: x | H24: x | I24: x | J24: x | K24: x | L24: x | M24: x | N24: x | O24: x/2 | P24: =COUNTIF(E24:O24,"X") -> 10 | Q24: =COUNTIF(E24:O24,"X/2")/2 -> 0.5 | R24: =SUM(P24:Q24) -> 10.5 | S24: 280000 | T24: =R24*S24 -> 2940000
A25: =A24+1 -> 22 | B25: Huỳnh Thanh Xuân | D25: Phụ | P25: =COUNTIF(E25:O25,"X") -> 0 | Q25: =COUNTIF(E25:O25,"X/2")/2 -> 0 | R25: =SUM(P25:Q25) -> 0 | S25: 270000 | T25: =R25*S25 -> 0
A26: =A25+1 -> 23 | B26: Lâm Hữu Phước | D26: Phụ | E26: x | F26: x | G26: x | H26: x | L26: x | M26: x | N26: x | O26: x | P26: =COUNTIF(E26:O26,"X") -> 8 | Q26: =COUNTIF(E26:O26,"X/2")/2 -> 0 | R26: =SUM(P26:Q26) -> 8 | S26: 280000 | T26: =R26*S26 -> 2240000
A27: =A26+1 -> 24 | B27: Nguyễn Văn Phao | D27: Thợ | P27: =COUNTIF(E27:O27,"X") -> 0 | Q27: =COUNTIF(E27:O27,"X/2")/2 -> 0 | R27: =SUM(P27:Q27) -> 0 | S27: 370000 | T27: =R27*S27 -> 0
A28: 25 | B28: Lâm Kỳ Phi | D28: Thợ | E28: x | F28: x | G28: x | H28: x | I28: x | J28: x | L28: x | M28: x | N28: x | O28: x | P28: =COUNTIF(E28:O28,"X") -> 10 | Q28: =COUNTIF(E28:O28,"X/2")/2 -> 0 | R28: =SUM(P28:Q28) -> 10 | S28: 380000 | T28: =R28*S28 -> 3800000
A29: =A28+1 -> 26 | B29: Trần Thanh Phong | D29: Thợ | E29: x | G29: x | H29: x | I29: x | J29: x | K29: x | L29: x | N29: x | O29: x | P29: =COUNTIF(E29:O29,"X") -> 9 | Q29: =COUNTIF(E29:O29,"X/2")/2 -> 0 | R29: =SUM(P29:Q29) -> 9 | S29: 370000 | T29: =R29*S29 -> 3330000
A30: =A29+1 -> 27 | B30: Trịnh Văn Phước | D30: Thợ | E30: x | H30: x | I30: x | J30: x | K30: x | L30: x | M30: x | N30: x | O30: x | P30: =COUNTIF(E30:O30,"X") -> 9 | Q30: =COUNTIF(E30:O30,"X/2")/2 -> 0 | R30: =SUM(P30:Q30) -> 9 | S30: 380000 | T30: =R30*S30 -> 3420000
A31: =A30+1 -> 28 | B31: Nguyễn Văn Liễu | D31: Thợ | E31: x | F31: x | G31: x | H31: x | I31: x | J31: x | K31: x | M31: x | N31: x | O31: x | P31: =COUNTIF(E31:O31,"X") -> 10 | Q31: =COUNTIF(E31:O31,"X/2")/2 -> 0 | R31: =SUM(P31:Q31) -> 10 | S31: 360000 | T31: =R31*S31 -> 3600000
A32: =A31+1 -> 29 | B32: Nguyễn Quốc Thiện | D32: Phụ | E32: x | G32: x | H32: x | I32: x | J32: x | K32: x | M32: x | N32: x | O32: x | P32: =COUNTIF(E32:O32,"X") -> 9 | Q32: =COUNTIF(E32:O32,"X/2")/2 -> 0 | R32: =SUM(P32:Q32) -> 9 | S32: 280000 | T32: =R32*S32 -> 2520000
A33: =A32+1 -> 30 | B33: Nguyễn Văn Cường | D33: Thợ | E33: x | F33: x | G33: x | P33: =COUNTIF(E33:O33,"X") -> 3 | Q33: =COUNTIF(E33:O33,"X/2")/2 -> 0 | R33: =SUM(P33:Q33) -> 3 | S33: 370000 | T33: =R33*S33 -> 1110000
A34: =A33+1 -> 31 | B34: Nguyễn Thu Mè | D34: Phụ | E34: x | F34: x | G34: x | L34: x | M34: x | N34: x | O34: x | P34: =COUNTIF(E34:O34,"X") -> 7 | Q34: =COUNTIF(E34:O34,"X/2")/2 -> 0 | R34: =SUM(P34:Q34) -> 7 | S34: 270000 | T34: =R34*S34 -> 1890000
A35: =A34+1 -> 32 | B35: Nguyễn Văn Chờ | D35: Thợ | E35: x | H35: x | I35: x | J35: x | L35: x | N35: x | O35: x | P35: =COUNTIF(E35:O35,"X") -> 7 | Q35: =COUNTIF(E35:O35,"X/2")/2 -> 0 | R35: =SUM(P35:Q35) -> 7 | S35: 360000 | T35: =R35*S35 -> 2520000
A36: =A35+1 -> 33 | B36: Nguyễn Văn Châu | D36: Phụ | E36: x | G36: x | H36: x | I36: x | J36: x | K36: x | N36: x | O36: x | P36: =COUNTIF(E36:O36,"X") -> 8 | Q36: =COUNTIF(E36:O36,"X/2")/2 -> 0 | R36: =SUM(P36:Q36) -> 8 | S36: 270000 | T36: =R36*S36 -> 2160000
A37: =A36+1 -> 34 | B37: Lê Quốc Thịnh | D37: Phụ | P37: =COUNTIF(E37:O37,"X") -> 0 | Q37: =COUNTIF(E37:O37,"X/2")/2 -> 0 | R37: =SUM(P37:Q37) -> 0 | S37: 260000 | T37: =R37*S37 -> 0
A38: =A37+1 -> 35 | B38: Lê Văn Xết | D38: Thợ | E38: x | G38: x | H38: x | I38: x | J38: x | K38: x | M38: x | N38: x | O38: x | P38: =COUNTIF(E38:O38,"X") -> 9 | Q38: =COUNTIF(E38:O38,"X/2")/2 -> 0 | R38: =SUM(P38:Q38) -> 9 | S38: 360000 | T38: =R38*S38 -> 3240000
A39: =A38+1 -> 36 | B39: Nguyễn Văn Thiệt | D39: Thợ | P39: =COUNTIF(E39:O39,"X") -> 0 | Q39: =COUNTIF(E39:O39,"X/2")/2 -> 0 | R39: =SUM(P39:Q39) -> 0 | S39: 360000 | T39: =R39*S39 -> 0
A40: =A39+1 -> 37 | B40: Huỳnh Văn Lý | D40: Phụ | E40: x | G40: x | H40: x | I40: x | J40: x | K40: x | L40: x | N40: x | O40: x | P40: =COUNTIF(E40:O40,"X") -> 9 | Q40: =COUNTIF(E40:O40,"X/2")/2 -> 0 | R40: =SUM(P40:Q40) -> 9 | S40: 260000 | T40: =R40*S40 -> 2340000
A41: =A40+1 -> 38 | B41: Lê Việt Đa | D41: Thợ | P41: =COUNTIF(E41:O41,"X") -> 0 | Q41: =COUNTIF(E41:O41,"X/2")/2 -> 0 | R41: =SUM(P41:Q41) -> 0 | S41: 370000 | T41: =R41*S41 -> 0
A42: =A41+1 -> 39 | B42: Trần Văn Kỳ | D42: Phụ | P42: =COUNTIF(E42:O42,"X") -> 0 | Q42: =COUNTIF(E42:O42,"X/2")/2 -> 0 | R42: =SUM(P42:Q42) -> 0 | S42: 270000 | T42: =R42*S42 -> 0
A43: =A42+1 -> 40 | B43: Nguyễn Văn Bình | D43: Thợ | E43: x | F43: x | G43: x | H43: x | I43: x | J43: x | K43: x | L43: x | O43: x | P43: =COUNTIF(E43:O43,"X") -> 9 | Q43: =COUNTIF(E43:O43,"X/2")/2 -> 0 | R43: =SUM(P43:Q43) -> 9 | S43: 360000 | T43: =R43*S43 -> 3240000
A44: =A43+1 -> 41 | B44: Tạ Thị Mỵ | D44: Phụ | E44: x | F44: x | G44: x | H44: x | I44: x | J44: x | K44: x | L44: x | O44: x | P44: =COUNTIF(E44:O44,"X") -> 9 | Q44: =COUNTIF(E44:O44,"X/2")/2 -> 0 | R44: =SUM(P44:Q44) -> 9 | S44: 270000 | T44: =R44*S44 -> 2430000
A45: =A44+1 -> 42 | B45: Lê Văn Khải | D45: Phụ | P45: =COUNTIF(E45:O45,"X") -> 0 | Q45: =COUNTIF(E45:O45,"X/2")/2 -> 0 | R45: =SUM(P45:Q45) -> 0 | S45: 270000 | T45: =R45*S45 -> 0
A46: =A45+1 -> 43 | B46: Vương Thị Lý | D46: Phụ | P46: =COUNTIF(E46:O46,"X") -> 0 | Q46: =COUNTIF(E46:O46,"X/2")/2 -> 0 | R46: =SUM(P46:Q46) -> 0 | S46: 270000 | T46: =R46*S46 -> 0
A47: =A46+1 -> 44 | B47: Lê Thanh Sáng | D47: Thợ | E47: x | G47: x | H47: x | I47: x | J47: x | L47: x | M47: x | N47: x | O47: x | P47: =COUNTIF(E47:O47,"X") -> 9 | Q47: =COUNTIF(E47:O47,"X/2")/2 -> 0 | R47: =SUM(P47:Q47) -> 9 | S47: 360000 | T47: =R47*S47 -> 3240000
A48: =A47+1 -> 45 | B48: Nguyễn Văn Sa | D48: Thợ | E48: x | G48: x | H48: x | I48: x | J48: x | K48: x | L48: x | N48: x | O48: x | P48: =COUNTIF(E48:O48,"X") -> 9 | Q48: =COUNTIF(E48:O48,"X/2")/2 -> 0 | R48: =SUM(P48:Q48) -> 9 | S48: 360000 | T48: =R48*S48 -> 3240000
A49: =A48+1 -> 46 | B49: Trần Thị Thu | D49: Phụ | E49: x | F49: x | G49: x | H49: x | I49: x | J49: x | K49: x | L49: x | N49: x | O49: x | P49: =COUNTIF(E49:O49,"X") -> 10 | Q49: =COUNTIF(E49:O49,"X/2")/2 -> 0 | R49: =SUM(P49:Q49) -> 10 | S49: 270000 | T49: =R49*S49 -> 2700000
A50: =A49+1 -> 47 | B50: Ngô Văn Giỏi | D50: Phụ | P50: =COUNTIF(E50:O50,"X") -> 0 | Q50: =COUNTIF(E50:O50,"X/2")/2 -> 0 | R50: =SUM(P50:Q50) -> 0 | S50: 270000 | T50: =R50*S50 -> 0
A51: =A50+1 -> 48 | B51: Hồ Thanh Giãn | D51: Thợ | E51: x | F51: x | G51: x | H51: x | I51: x | J51: x | K51: x | L51: x | N51: x | O51: x | P51: =COUNTIF(E51:O51,"X") -> 10 | Q51: =COUNTIF(E51:O51,"X/2")/2 -> 0 | R51: =SUM(P51:Q51) -> 10 | S51: 360000 | T51: =R51*S51 -> 3600000
A52: =A51+1 -> 49 | B52: Phạm Tấn Phong | D52: Thợ | P52: =COUNTIF(E52:O52,"X") -> 0 | Q52: =COUNTIF(E52:O52,"X/2")/2 -> 0 | R52: =SUM(P52:Q52) -> 0 | S52: 360000 | T52: =R52*S52 -> 0
A53: =A52+1 -> 50 | B53: Nguyễn Hồng Lẹ | D53: Phụ | P53: =COUNTIF(E53:O53,"X") -> 0 | Q53: =COUNTIF(E53:O53,"X/2")/2 -> 0 | R53: =SUM(P53:Q53) -> 0 | S53: 270000 | T53: =R53*S53 -> 0
A54: =A53+1 -> 51 | B54: Đỗ Ngọc Thảo | D54: Phụ | E54: x | F54: x | G54: x | H54: x | I54: x | J54: x | L54: x | M54: x | N54: x | O54: x | P54: =COUNTIF(E54:O54,"X") -> 10 | Q54: =COUNTIF(E54:O54,"X/2")/2 -> 0 | R54: =SUM(P54:Q54) -> 10 | S54: 270000 | T54: =R54*S54 -> 2700000
A55: =A54+1 -> 52 | B55: Cao Nhựt Khanh | D55: Phụ | E55: x | G55: x | H55: x | I55: x | J55: x | K55: x | N55: x | O55: x | P55: =COUNTIF(E55:O55,"X") -> 8 | Q55: =COUNTIF(E55:O55,"X/2")/2 -> 0 | R55: =SUM(P55:Q55) -> 8 | S55: 270000 | T55: =R55*S55 -> 2160000
A56: =A55+1 -> 53 | B56: Lê Trọng Thật | D56: Phụ | G56: x | H56: x | I56: x | J56: x | K56: x | N56: x | O56: x | P56: =COUNTIF(E56:O56,"X") -> 7 | Q56: =COUNTIF(E56:O56,"X/2")/2 -> 0 | R56: =SUM(P56:Q56) -> 7 | S56: 270000 | T56: =R56*S56 -> 1890000
A57: =A56+1 -> 54 | B57: Nguyễn Thị Lệ | D57: Phụ | G57: x | H57: x | I57: x | J57: x | K57: x | O57: x | P57: =COUNTIF(E57:O57,"X") -> 6 | Q57: =COUNTIF(E57:O57,"X/2")/2 -> 0 | R57: =SUM(P57:Q57) -> 6 | S57: 270000 | T57: =R57*S57 -> 1620000
A58: =A57+1 -> 55 | B58: Nguyễn Văn Mừng | D58: Thợ | P58: =COUNTIF(E58:O58,"X") -> 0 | Q58: =COUNTIF(E58:O58,"X/2")/2 -> 0 | R58: =SUM(P58:Q58) -> 0 | S58: 360000 | T58: =R58*S58 -> 0
A59: =A58+1 -> 56 | B59: Lê Hữu Minh | D59: Phụ | P59: =COUNTIF(E59:O59,"X") -> 0 | Q59: =COUNTIF(E59:O59,"X/2")/2 -> 0 | R59: =SUM(P59:Q59) -> 0 | S59: 270000 | T59: =R59*S59 -> 0
A60: =A59+1 -> 57 | B60: Đặng Hoàng Đông | D60: Phụ | P60: =COUNTIF(E60:O60,"X") -> 0 | Q60: =COUNTIF(E60:O60,"X/2")/2 -> 0 | R60: =SUM(P60:Q60) -> 0 | S60: 260000 | T60: =R60*S60 -> 0
A61: =A60+1 -> 58 | B61: Nguyễn Văn Chín | D61: Thợ | E61: x | F61: x | G61: x | P61: =COUNTIF(E61:O61,"X") -> 3 | Q61: =COUNTIF(E61:O61,"X/2")/2 -> 0 | R61: =SUM(P61:Q61) -> 3 | S61: 360000 | T61: =R61*S61 -> 1080000
A62: =A61+1 -> 59 | B62: Ngô Văn Cộp | D62: Phụ | E62: x | G62: x | H62: x | I62: x | J62: x | K62: x | L62: x | N62: x | P62: =COUNTIF(E62:O62,"X") -> 8 | Q62: =COUNTIF(E62:O62,"X/2")/2 -> 0 | R62: =SUM(P62:Q62) -> 8 | S62: 260000 | T62: =R62*S62 -> 2080000
A63: =A62+1 -> 60 | B63: Đỗ Văn Liếu | D63: Phụ | P63: =COUNTIF(E63:O63,"X") -> 0 | Q63: =COUNTIF(E63:O63,"X/2")/2 -> 0 | R63: =SUM(P63:Q63) -> 0 | S63: 260000 | T63: =R63*S63 -> 0
A64: =A63+1 -> 61 | B64: Nguyễn Văn Biết | D64: Thợ | E64: x | G64: x | H64: x | I64: x | J64: x | K64: x | L64: x | N64: x | P64: =COUNTIF(E64:O64,"X") -> 8 | Q64: =COUNTIF(E64:O64,"X/2")/2 -> 0 | R64: =SUM(P64:Q64) -> 8 | S64: 360000 | T64: =R64*S64 -> 2880000
A65: =A64+1 -> 62 | B65: Võ Văn Nguyện | D65: Phụ | P65: =COUNTIF(E65:O65,"X") -> 0 | Q65: =COUNTIF(E65:O65,"X/2")/2 -> 0 | R65: =SUM(P65:Q65) -> 0 | S65: 260000 | T65: =R65*S65 -> 0
A66: =A65+1 -> 63 | B66: Nguyễn Văn Lẵm | D66: Thợ | E66: x | G66: x | H66: x | I66: x | J66: x | K66: x | L66: x | N66: x | O66: x | P66: =COUNTIF(E66:O66,"X") -> 9 | Q66: =COUNTIF(E66:O66,"X/2")/2 -> 0 | R66: =SUM(P66:Q66) -> 9 | S66: 360000 | T66: =R66*S66 -> 3240000
A67: =A66+1 -> 64 | B67: Huỳnh Văn Cường | D67: Phụ | P67: =COUNTIF(E67:O67,"X") -> 0 | Q67: =COUNTIF(E67:O67,"X/2")/2 -> 0 | R67: =SUM(P67:Q67) -> 0 | S67: 260000 | T67: =R67*S67 -> 0
A68: =A67+1 -> 65 | B68: Trần Thị Thanh Thúy | D68: Phụ | P68: =COUNTIF(E68:O68,"X") -> 0 | Q68: =COUNTIF(E68:O68,"X/2")/2 -> 0 | R68: =SUM(P68:Q68) -> 0 | S68: 260000 | T68: =R68*S68 -> 0
A69: =A68+1 -> 66 | B69: Nguyễn Văn Xuyên | D69: Phụ | E69: x | F69: x | G69: x | P69: =COUNTIF(E69:O69,"X") -> 3 | Q69: =COUNTIF(E69:O69,"X/2")/2 -> 0 | R69: =SUM(P69:Q69) -> 3 | S69: 270000 | T69: =R69*S69 -> 810000
A70: =A69+1 -> 67 | B70: Nguyễn Thành Công | D70: Thợ | G70: x | H70: x | I70: x | J70: x | K70: x | L70: x | N70: x | O70: x | P70: =COUNTIF(E70:O70,"X") -> 8 | Q70: =COUNTIF(E70:O70,"X/2")/2 -> 0 | R70: =SUM(P70:Q70) -> 8 | S70: 360000 | T70: =R70*S70 -> 2880000
A71: =A70+1 -> 68 | B71: Mai Văn Liến | D71: Thợ | K71: x | L71: x | N71: x | O71: x | P71: =COUNTIF(E71:O71,"X") -> 4 | Q71: =COUNTIF(E71:O71,"X/2")/2 -> 0 | R71: =SUM(P71:Q71) -> 4 | S71: 360000 | T71: =R71*S71 -> 1440000
A72: =A71+1 -> 69 | B72: Trương Hoàng Khang | D72: Phụ | N72: x | O72: x | P72: =COUNTIF(E72:O72,"X") -> 2 | Q72: =COUNTIF(E72:O72,"X/2")/2 -> 0 | R72: =SUM(P72:Q72) -> 2 | S72: 260000 | T72: =R72*S72 -> 520000
A73: =A72+1 -> 70 | B73: Nguyễn Văn Chánh | D73: Thợ | N73: x | O73: x | P73: =COUNTIF(E73:O73,"X") -> 2 | Q73: =COUNTIF(E73:O73,"X/2")/2 -> 0 | R73: =SUM(P73:Q73) -> 2 | S73: 360000 | T73: =R73*S73 -> 720000
A74: =A73+1 -> 71 | B74: Nguyễn Trường Khoa | D74: Phụ | N74: x | O74: x | P74: =COUNTIF(E74:O74,"X") -> 2 | Q74: =COUNTIF(E74:O74,"X/2")/2 -> 0 | R74: =SUM(P74:Q74) -> 2 | S74: 260000 | T74: =R74*S74 -> 520000
A75: =A74+1 -> 72 | B75: Lê Nguyễn Nhân Quý | D75: Phụ | O75: x | P75: =COUNTIF(E75:O75,"X") -> 1 | Q75: =COUNTIF(E75:O75,"X/2")/2 -> 0 | R75: =SUM(P75:Q75) -> 1 | S75: 260000 | T75: =R75*S75 -> 260000
E78: =SUBTOTAL(103,E4:E75) -> 43 | F78: =SUBTOTAL(103,F4:F75) -> 21 | G78: =SUBTOTAL(103,G4:G75) -> 46 | H78: =SUBTOTAL(103,H4:H75) -> 44 | I78: =SUBTOTAL(103,I4:I75) -> 43 | J78: =SUBTOTAL(103,J4:J75) -> 43 | O78: =SUBTOTAL(103,O4:O75) -> 43 | P78: =SUBTOTAL(103,P4:P75) -> 72 | Q78: =SUBTOTAL(103,Q4:Q27) -> 24 | R78: =SUBTOTAL(103,R4:R27) -> 24 | S78: =SUBTOTAL(103,S4:S75) -> 72 | T78: =SUBTOTAL(109,T4:T75) -> 139450000 | U78: =SUBTOTAL(109,U4:U75) -> 9000000 | V78: (chi thêm 500k hổ trợ và 500k đi đám)
U79: =T78-U78 -> 130450000

Sheet 5
A1: BẢNG LƯƠNG (từ 1-10.T4/2026)
A2: STT | B2: HỌ TÊN | C2: GHI CHÚ | D2: CV | E2: 1 | F2: =E2+1 -> 2 | G2: =F2+1 -> 3 | H2: =G2+1 -> 4 | I2: =H2+1 -> 5 | J2: =I2+1 -> 6 | K2: =J2+1 -> 7 | L2: =K2+1 -> 8 | M2: =L2+1 -> 9 | N2: =M2+1 -> 10 | O2: Đủ công | P2: Nửa công | Q2: TC | R2: Lương/ngày | S2: Tổng lương | T2: Ký nhận
E3: T4 | F3: T5 | G3: T6 | H3: T7 | I3: CN | J3: T2 | K3: T3 | L3: T4 | M3: T5 | N3: T6
A4: 1 | B4: A Lâm | C4: =SUBTOTAL(103,C5:C22) -> 15 | D4: ĐT | E4: x | F4: x | G4: x | H4: x | J4: x | K4: x | L4: x | M4: x | N4: x | O4: =COUNTIF(E4:N4,"X") -> 9 | P4: =COUNTIF(E4:I4,"X/2")/2 -> 0 | Q4: =SUM(O4:P4) -> 9 | R4: 550000 | S4: =Q4*R4 -> 4950000 | T4: 5000000
A5: 2 | B5: Nguyễn Tấn Tài | C5: Có CCCD gửi cty Hưng Long | D5: Thợ | F5: x | G5: x | H5: x | J5: x | K5: x | L5: x | M5: x | N5: x | O5: =COUNTIF(E5:N5,"X") -> 8 | P5: =COUNTIF(E5:N5,"X/2")/2 -> 0 | Q5: =SUM(O5:P5) -> 8 | R5: 380000 | S5: =Q5*R5 -> 3040000
A6: 3 | B6: Mai Văn Đời | C6: Có hình CCCD | D6: Thợ | E6: x | F6: x | G6: x | H6: x | J6: x | K6: x | L6: x | M6: x | N6: x | O6: =COUNTIF(E6:N6,"X") -> 9 | P6: =COUNTIF(E6:N6,"X/2")/2 -> 0 | Q6: =SUM(O6:P6) -> 9 | R6: 370000 | S6: =Q6*R6 -> 3330000
A7: =A6+1 -> 4 | B7: Nguyễn Văn Đấu | C7: Có CCCD gửi cty Hưng Long | D7: Thợ | E7: x | F7: x | G7: x | H7: x | K7: x | L7: x | M7: x | N7: x | O7: =COUNTIF(E7:N7,"X") -> 8 | P7: =COUNTIF(E7:N7,"X/2")/2 -> 0 | Q7: =SUM(O7:P7) -> 8 | R7: 370000 | S7: =Q7*R7 -> 2960000
A8: =A7+1 -> 5 | B8: Huỳnh Thanh Tùng | C8: Có hình CCCD | D8: Thợ ép | E8: x | F8: x/2 | G8: x | K8: x | L8: x | M8: x | N8: x/2 | O8: =COUNTIF(E8:N8,"X") -> 5 | P8: =COUNTIF(E8:N8,"X/2")/2 -> 1 | Q8: =SUM(O8:P8) -> 6 | R8: 350000 | S8: =Q8*R8 -> 2100000
A9: =A8+1 -> 6 | B9: Nguyễn Hoàng Vũ | C9: Có CCCD gửi cty Hưng Long | D9: Phụ | E9: x | F9: x | G9: x | J9: x | K9: x | L9: x | M9: x | N9: x | O9: =COUNTIF(E9:N9,"X") -> 8 | P9: =COUNTIF(E9:N9,"X/2")/2 -> 0 | Q9: =SUM(O9:P9) -> 8 | R9: 320000 | S9: =Q9*R9 -> 2560000
A10: =A9+1 -> 7 | B10: Nguyễn Văn Phong | C10: Có hình CCCD | D10: Phụ | E10: x | F10: x | G10: x | H10: x | J10: x | K10: x | L10: x | M10: x | N10: x | O10: =COUNTIF(E10:N10,"X") -> 9 | P10: =COUNTIF(E10:N10,"X/2")/2 -> 0 | Q10: =SUM(O10:P10) -> 9 | R10: 300000 | S10: =Q10*R10 -> 2700000
A11: =A10+1 -> 8 | B11: Nguyễn Công Thức | C11: Có CCCD gửi cty Hưng Long | D11: Phụ | E11: x | F11: x | G11: x | H11: x | J11: x | K11: x | L11: x | M11: x | N11: x/2 | O11: =COUNTIF(E11:N11,"X") -> 8 | P11: =COUNTIF(E11:N11,"X/2")/2 -> 0.5 | Q11: =SUM(O11:P11) -> 8.5 | R11: 360000 | S11: =Q11*R11 -> 3060000
A12: =A11+1 -> 9 | B12: Nguyễn Tấn Lợi | C12: Có hình CCCD | D12: Thợ | O12: =COUNTIF(E12:N12,"X") -> 0 | P12: =COUNTIF(E12:N12,"X/2")/2 -> 0 | Q12: =SUM(O12:P12) -> 0 | R12: 400000 | S12: =Q12*R12 -> 0
A13: 10 | B13: Mai Văn Bảy | C13: Có hình CCCD | D13: Phụ | O13: =COUNTIF(E13:N13,"X") -> 0 | P13: =COUNTIF(E13:N13,"X/2")/2 -> 0 | Q13: =SUM(O13:P13) -> 0 | R13: 280000 | S13: =Q13*R13 -> 0
A14: =A13+1 -> 11 | B14: Huỳnh Chí Linh | C14: Có hình CCCD | D14: Thợ | E14: x | F14: x | G14: x | H14: x | J14: x | K14: x | L14: x | M14: x | N14: x | O14: =COUNTIF(E14:N14,"X") -> 9 | P14: =COUNTIF(E14:N14,"X/2")/2 -> 0 | Q14: =SUM(O14:P14) -> 9 | R14: 400000 | S14: =Q14*R14 -> 3600000
A15: =A14+1 -> 12 | B15: Nguyễn Văn Yêm | D15: Thợ | E15: x | F15: x | G15: x | H15: x | J15: x | K15: x | L15: x | M15: x | N15: x | O15: =COUNTIF(E15:N15,"X") -> 9 | P15: =COUNTIF(E15:N15,"X/2")/2 -> 0 | Q15: =SUM(O15:P15) -> 9 | R15: 390000 | S15: =Q15*R15 -> 3510000
A16: =A15+1 -> 13 | B16: Nguyễn Thanh Tùng | C16: Có CCCD gửi cty Hưng Long | D16: Thợ | E16: x | F16: x | G16: x | H16: x | J16: x | K16: x | L16: x | M16: x | N16: x | O16: =COUNTIF(E16:N16,"X") -> 9 | P16: =COUNTIF(E16:N16,"X/2")/2 -> 0 | Q16: =SUM(O16:P16) -> 9 | R16: 370000 | S16: =Q16*R16 -> 3330000
A17: =A16+1 -> 14 | B17: Nguyễn Văn Mười | D17: Thợ | E17: x | F17: x | J17: x | K17: x | L17: x | O17: =COUNTIF(E17:N17,"X") -> 5 | P17: =COUNTIF(E17:N17,"X/2")/2 -> 0 | Q17: =SUM(O17:P17) -> 5 | R17: 360000 | S17: =Q17*R17 -> 1800000
A18: =A17+1 -> 15 | B18: Phạm Văn Kiệt | C18: Có CCCD gửi cty Hưng Long | D18: Thợ | E18: x | F18: x | G18: x | H18: x | L18: x | M18: x | N18: x | O18: =COUNTIF(E18:N18,"X") -> 7 | P18: =COUNTIF(E18:N18,"X/2")/2 -> 0 | Q18: =SUM(O18:P18) -> 7 | R18: 380000 | S18: =Q18*R18 -> 2660000
A19: =A18+1 -> 16 | B19: Trương Văn Thông | C19: Có CCCD gửi cty Hưng Long | D19: Phụ | E19: x | F19: x | G19: x | H19: x | J19: x | K19: x | L19: x | O19: =COUNTIF(E19:N19,"X") -> 7 | P19: =COUNTIF(E19:N19,"X/2")/2 -> 0 | Q19: =SUM(O19:P19) -> 7 | R19: 270000 | S19: =Q19*R19 -> 1890000
A20: =A19+1 -> 17 | B20: Võ Hoàng Nam | C20: Có CCCD gửi cty Hưng Long | D20: Thợ | E20: x | F20: x | G20: x | L20: x | M20: x | N20: x | O20: =COUNTIF(E20:N20,"X") -> 6 | P20: =COUNTIF(E20:N20,"X/2")/2 -> 0 | Q20: =SUM(O20:P20) -> 6 | R20: 380000 | S20: =Q20*R20 -> 2280000
A21: =A20+1 -> 18 | B21: Trần Thanh Sơn | C21: Có CCCD gửi cty Hưng Long | D21: Thợ | O21: =COUNTIF(E21:N21,"X") -> 0 | P21: =COUNTIF(E21:N21,"X/2")/2 -> 0 | Q21: =SUM(O21:P21) -> 0 | R21: 370000 | S21: =Q21*R21 -> 0
A22: =A21+1 -> 19 | B22: Đinh Văn Thống | D22: Phụ | O22: =COUNTIF(E22:N22,"X") -> 0 | P22: =COUNTIF(E22:N22,"X/2")/2 -> 0 | Q22: =SUM(O22:P22) -> 0 | R22: 280000 | S22: =Q22*R22 -> 0
A23: =A22+1 -> 20 | B23: Lê Vũ Linh | D23: Thợ | E23: x | F23: x | G23: x | H23: x | J23: x | K23: x | L23: x | N23: x | O23: =COUNTIF(E23:N23,"X") -> 8 | P23: =COUNTIF(E23:N23,"X/2")/2 -> 0 | Q23: =SUM(O23:P23) -> 8 | R23: 380000 | S23: =Q23*R23 -> 3040000
A24: =A23+1 -> 21 | B24: Nguyễn Thị Cười | D24: Thợ | E24: x | F24: x | G24: x | H24: x | J24: x | K24: x | L24: x | N24: x | O24: =COUNTIF(E24:N24,"X") -> 8 | P24: =COUNTIF(E24:N24,"X/2")/2 -> 0 | Q24: =SUM(O24:P24) -> 8 | R24: 280000 | S24: =Q24*R24 -> 2240000
A25: =A24+1 -> 22 | B25: Huỳnh Thanh Xuân | D25: Phụ | O25: =COUNTIF(E25:N25,"X") -> 0 | P25: =COUNTIF(E25:N25,"X/2")/2 -> 0 | Q25: =SUM(O25:P25) -> 0 | R25: 270000 | S25: =Q25*R25 -> 0
A26: =A25+1 -> 23 | B26: Lâm Hữu Phước | D26: Phụ | E26: x | F26: x | G26: x | J26: x | K26: x | L26: x | M26: x | N26: x | O26: =COUNTIF(E26:N26,"X") -> 8 | P26: =COUNTIF(E26:N26,"X/2")/2 -> 0 | Q26: =SUM(O26:P26) -> 8 | R26: 280000 | S26: =Q26*R26 -> 2240000
A27: =A26+1 -> 24 | B27: Nguyễn Văn Phao | D27: Thợ | O27: =COUNTIF(E27:N27,"X") -> 0 | P27: =COUNTIF(E27:N27,"X/2")/2 -> 0 | Q27: =SUM(O27:P27) -> 0 | R27: 370000 | S27: =Q27*R27 -> 0
A28: 25 | B28: Lâm Kỳ Phi | D28: Thợ | E28: x | F28: x | G28: x | J28: x | K28: x | L28: x/2 | M28: x | N28: x | O28: =COUNTIF(E28:N28,"X") -> 7 | P28: =COUNTIF(E28:N28,"X/2")/2 -> 0.5 | Q28: =SUM(O28:P28) -> 7.5 | R28: 380000 | S28: =Q28*R28 -> 2850000
A29: =A28+1 -> 26 | B29: Trần Thanh Phong | D29: Thợ | F29: x | G29: x | H29: x | J29: x | K29: x | L29: x | M29: x/2 | N29: x | O29: =COUNTIF(E29:N29,"X") -> 7 | P29: =COUNTIF(E29:N29,"X/2")/2 -> 0.5 | Q29: =SUM(O29:P29) -> 7.5 | R29: 370000 | S29: =Q29*R29 -> 2775000
A30: =A29+1 -> 27 | B30: Trịnh Văn Phước | D30: Thợ | E30: x | F30: x | G30: x | H30: x | O30: =COUNTIF(E30:N30,"X") -> 4 | P30: =COUNTIF(E30:N30,"X/2")/2 -> 0 | Q30: =SUM(O30:P30) -> 4 | R30: 380000 | S30: =Q30*R30 -> 1520000
A31: =A30+1 -> 28 | B31: Nguyễn Văn Liễu | D31: Thợ | E31: x | F31: x | G31: x | H31: x | J31: x | L31: x | M31: x | N31: x | O31: =COUNTIF(E31:N31,"X") -> 8 | P31: =COUNTIF(E31:N31,"X/2")/2 -> 0 | Q31: =SUM(O31:P31) -> 8 | R31: 360000 | S31: =Q31*R31 -> 2880000
A32: =A31+1 -> 29 | B32: Nguyễn Quốc Thiện | D32: Phụ | E32: x | F32: x | G32: x | J32: x | K32: x | L32: x | M32: x | N32: x | O32: =COUNTIF(E32:N32,"X") -> 8 | P32: =COUNTIF(E32:N32,"X/2")/2 -> 0 | Q32: =SUM(O32:P32) -> 8 | R32: 280000 | S32: =Q32*R32+200000 -> 2440000
A33: =A32+1 -> 30 | B33: Nguyễn Văn Cường | D33: Thợ | F33: x | G33: x | H33: x | J33: x | O33: =COUNTIF(E33:N33,"X") -> 4 | P33: =COUNTIF(E33:N33,"X/2")/2 -> 0 | Q33: =SUM(O33:P33) -> 4 | R33: 370000 | S33: =Q33*R33 -> 1480000
A34: =A33+1 -> 31 | B34: Nguyễn Thu Mè | D34: Phụ | E34: x | F34: x | G34: x | H34: x | J34: x | O34: =COUNTIF(E34:N34,"X") -> 5 | P34: =COUNTIF(E34:N34,"X/2")/2 -> 0 | Q34: =SUM(O34:P34) -> 5 | R34: 270000 | S34: =Q34*R34 -> 1350000
A35: =A34+1 -> 32 | B35: Nguyễn Văn Chờ | D35: Thợ | E35: x | F35: x | G35: x | O35: =COUNTIF(E35:N35,"X") -> 3 | P35: =COUNTIF(E35:N35,"X/2")/2 -> 0 | Q35: =SUM(O35:P35) -> 3 | R35: 360000 | S35: =Q35*R35 -> 1080000
A36: =A35+1 -> 33 | B36: Nguyễn Văn Châu | D36: Phụ | E36: x | F36: x | G36: x | H36: x | K36: x | L36: x | M36: x | N36: x | O36: =COUNTIF(E36:N36,"X") -> 8 | P36: =COUNTIF(E36:N36,"X/2")/2 -> 0 | Q36: =SUM(O36:P36) -> 8 | R36: 270000 | S36: =Q36*R36 -> 2160000
A37: =A36+1 -> 34 | B37: Lê Quốc Thịnh | D37: Phụ | O37: =COUNTIF(E37:N37,"X") -> 0 | P37: =COUNTIF(E37:N37,"X/2")/2 -> 0 | Q37: =SUM(O37:P37) -> 0 | R37: 260000 | S37: =Q37*R37 -> 0
A38: =A37+1 -> 35 | B38: Lê Văn Xết | D38: Thợ | O38: =COUNTIF(E38:N38,"X") -> 0 | P38: =COUNTIF(E38:N38,"X/2")/2 -> 0 | Q38: =SUM(O38:P38) -> 0 | R38: 360000 | S38: =Q38*R38 -> 0
A39: =A38+1 -> 36 | B39: Nguyễn Văn Thiệt | D39: Thợ | O39: =COUNTIF(E39:N39,"X") -> 0 | P39: =COUNTIF(E39:N39,"X/2")/2 -> 0 | Q39: =SUM(O39:P39) -> 0 | R39: 360000 | S39: =Q39*R39 -> 0
A40: =A39+1 -> 37 | B40: Huỳnh Văn Lý | D40: Phụ | E40: x | F40: x | G40: x | H40: x | J40: x | K40: x | L40: x | M40: x | N40: x | O40: =COUNTIF(E40:N40,"X") -> 9 | P40: =COUNTIF(E40:N40,"X/2")/2 -> 0 | Q40: =SUM(O40:P40) -> 9 | R40: 260000 | S40: =Q40*R40 -> 2340000
A41: =A40+1 -> 38 | B41: Lê Việt Đa | D41: Thợ | O41: =COUNTIF(E41:N41,"X") -> 0 | P41: =COUNTIF(E41:N41,"X/2")/2 -> 0 | Q41: =SUM(O41:P41) -> 0 | R41: 370000 | S41: =Q41*R41 -> 0
A42: =A41+1 -> 39 | B42: Trần Văn Kỳ | D42: Phụ | O42: =COUNTIF(E42:N42,"X") -> 0 | P42: =COUNTIF(E42:N42,"X/2")/2 -> 0 | Q42: =SUM(O42:P42) -> 0 | R42: 270000 | S42: =Q42*R42 -> 0
A43: =A42+1 -> 40 | B43: Nguyễn Văn Bình | D43: Thợ | E43: x | G43: x | H43: x | J43: x | K43: x | L43: x | M43: x | O43: =COUNTIF(E43:N43,"X") -> 7 | P43: =COUNTIF(E43:N43,"X/2")/2 -> 0 | Q43: =SUM(O43:P43) -> 7 | R43: 360000 | S43: =Q43*R43 -> 2520000
A44: =A43+1 -> 41 | B44: Tạ Thị Mỵ | D44: Phụ | E44: x | F44: x | G44: x | H44: x | J44: x | K44: x | L44: x | M44: x | O44: =COUNTIF(E44:N44,"X") -> 8 | P44: =COUNTIF(E44:N44,"X/2")/2 -> 0 | Q44: =SUM(O44:P44) -> 8 | R44: 270000 | S44: =Q44*R44 -> 2160000
A45: =A44+1 -> 42 | B45: Lê Văn Khải | D45: Phụ | O45: =COUNTIF(E45:N45,"X") -> 0 | P45: =COUNTIF(E45:N45,"X/2")/2 -> 0 | Q45: =SUM(O45:P45) -> 0 | R45: 270000 | S45: =Q45*R45 -> 0
A46: =A45+1 -> 43 | B46: Vương Thị Lý | D46: Phụ | O46: =COUNTIF(E46:N46,"X") -> 0 | P46: =COUNTIF(E46:N46,"X/2")/2 -> 0 | Q46: =SUM(O46:P46) -> 0 | R46: 270000 | S46: =Q46*R46 -> 0
A47: =A46+1 -> 44 | B47: Lê Thanh Sáng | D47: Thợ | E47: x | F47: x | G47: x | H47: x | J47: x | K47: x | L47: x | O47: =COUNTIF(E47:N47,"X") -> 7 | P47: =COUNTIF(E47:N47,"X/2")/2 -> 0 | Q47: =SUM(O47:P47) -> 7 | R47: 360000 | S47: =Q47*R47 -> 2520000
A48: =A47+1 -> 45 | B48: Nguyễn Văn Sa | D48: Thợ | E48: x | F48: x | G48: x | H48: x | J48: x | K48: x | L48: x | M48: x | N48: x | O48: =COUNTIF(E48:N48,"X") -> 9 | P48: =COUNTIF(E48:N48,"X/2")/2 -> 0 | Q48: =SUM(O48:P48) -> 9 | R48: 360000 | S48: =Q48*R48 -> 3240000
A49: =A48+1 -> 46 | B49: Trần Thị Thu | D49: Phụ | E49: x | F49: x | G49: x | H49: x | J49: x | K49: x | L49: x | M49: x | N49: x | O49: =COUNTIF(E49:N49,"X") -> 9 | P49: =COUNTIF(E49:N49,"X/2")/2 -> 0 | Q49: =SUM(O49:P49) -> 9 | R49: 270000 | S49: =Q49*R49 -> 2430000
A50: =A49+1 -> 47 | B50: Ngô Văn Giỏi | D50: Phụ | O50: =COUNTIF(E50:N50,"X") -> 0 | P50: =COUNTIF(E50:N50,"X/2")/2 -> 0 | Q50: =SUM(O50:P50) -> 0 | R50: 270000 | S50: =Q50*R50 -> 0
A51: =A50+1 -> 48 | B51: Hồ Thanh Giãn | D51: Thợ | E51: x | F51: x | G51: x | H51: x | J51: x | K51: x | L51: x | M51: x | N51: x | O51: =COUNTIF(E51:N51,"X") -> 9 | P51: =COUNTIF(E51:N51,"X/2")/2 -> 0 | Q51: =SUM(O51:P51) -> 9 | R51: 360000 | S51: =Q51*R51 -> 3240000
A52: =A51+1 -> 49 | B52: Phạm Tấn Phong | D52: Thợ | O52: =COUNTIF(E52:N52,"X") -> 0 | P52: =COUNTIF(E52:N52,"X/2")/2 -> 0 | Q52: =SUM(O52:P52) -> 0 | R52: 360000 | S52: =Q52*R52 -> 0
A53: =A52+1 -> 50 | B53: Nguyễn Hồng Lẹ | D53: Phụ | O53: =COUNTIF(E53:N53,"X") -> 0 | P53: =COUNTIF(E53:N53,"X/2")/2 -> 0 | Q53: =SUM(O53:P53) -> 0 | R53: 270000 | S53: =Q53*R53 -> 0
A54: =A53+1 -> 51 | B54: Đỗ Ngọc Thảo | D54: Phụ | E54: x | F54: x | G54: x | J54: x | K54: x | L54: x/2 | M54: x | N54: x | O54: =COUNTIF(E54:N54,"X") -> 7 | P54: =COUNTIF(E54:N54,"X/2")/2 -> 0.5 | Q54: =SUM(O54:P54) -> 7.5 | R54: 270000 | S54: =Q54*R54 -> 2025000
A55: =A54+1 -> 52 | B55: Cao Nhựt Khanh | D55: Phụ | E55: x | F55: x | G55: x | K55: x | L55: x | M55: x | N55: x | O55: =COUNTIF(E55:N55,"X") -> 7 | P55: =COUNTIF(E55:N55,"X/2")/2 -> 0 | Q55: =SUM(O55:P55) -> 7 | R55: 270000 | S55: =Q55*R55+100000 -> 1990000
A56: =A55+1 -> 53 | B56: Lê Trọng Thật | D56: Phụ | F56: x | G56: x | H56: x | L56: x | M56: x | N56: x | O56: =COUNTIF(E56:N56,"X") -> 6 | P56: =COUNTIF(E56:N56,"X/2")/2 -> 0 | Q56: =SUM(O56:P56) -> 6 | R56: 270000 | S56: =Q56*R56 -> 1620000
A57: =A56+1 -> 54 | B57: Nguyễn Thị Lệ | D57: Phụ | L57: x | M57: x | N57: x | O57: =COUNTIF(E57:N57,"X") -> 3 | P57: =COUNTIF(E57:N57,"X/2")/2 -> 0 | Q57: =SUM(O57:P57) -> 3 | R57: 270000 | S57: =Q57*R57 -> 810000
A58: =A57+1 -> 55 | B58: Nguyễn Văn Mừng | D58: Thợ | O58: =COUNTIF(E58:N58,"X") -> 0 | P58: =COUNTIF(E58:N58,"X/2")/2 -> 0 | Q58: =SUM(O58:P58) -> 0 | R58: 360000 | S58: =Q58*R58 -> 0
A59: =A58+1 -> 56 | B59: Lê Hữu Minh | D59: Phụ | O59: =COUNTIF(E59:N59,"X") -> 0 | P59: =COUNTIF(E59:N59,"X/2")/2 -> 0 | Q59: =SUM(O59:P59) -> 0 | R59: 270000 | S59: =Q59*R59 -> 0
A60: =A59+1 -> 57 | B60: Đặng Hoàng Đông | D60: Phụ | O60: =COUNTIF(E60:N60,"X") -> 0 | P60: =COUNTIF(E60:N60,"X/2")/2 -> 0 | Q60: =SUM(O60:P60) -> 0 | R60: 260000 | S60: =Q60*R60 -> 0
A61: =A60+1 -> 58 | B61: Nguyễn Văn Chín | D61: Thợ | O61: =COUNTIF(E61:N61,"X") -> 0 | P61: =COUNTIF(E61:N61,"X/2")/2 -> 0 | Q61: =SUM(O61:P61) -> 0 | R61: 360000 | S61: =Q61*R61 -> 0
A62: =A61+1 -> 59 | B62: Ngô Văn Cộp | D62: Phụ | E62: x | F62: x | G62: x | H62: x | J62: x | K62: x | O62: =COUNTIF(E62:N62,"X") -> 6 | P62: =COUNTIF(E62:N62,"X/2")/2 -> 0 | Q62: =SUM(O62:P62) -> 6 | R62: 260000 | S62: =Q62*R62 -> 1560000
A63: =A62+1 -> 60 | B63: Đỗ Văn Liếu | D63: Phụ | O63: =COUNTIF(E63:N63,"X") -> 0 | P63: =COUNTIF(E63:N63,"X/2")/2 -> 0 | Q63: =SUM(O63:P63) -> 0 | R63: 260000 | S63: =Q63*R63 -> 0
A64: =A63+1 -> 61 | B64: Nguyễn Văn Biết | D64: Thợ | E64: x | F64: x | G64: x | H64: x | O64: =COUNTIF(E64:N64,"X") -> 4 | P64: =COUNTIF(E64:N64,"X/2")/2 -> 0 | Q64: =SUM(O64:P64) -> 4 | R64: 360000 | S64: =Q64*R64 -> 1440000
A65: =A64+1 -> 62 | B65: Võ Văn Nguyện | D65: Phụ | O65: =COUNTIF(E65:N65,"X") -> 0 | P65: =COUNTIF(E65:N65,"X/2")/2 -> 0 | Q65: =SUM(O65:P65) -> 0 | R65: 260000 | S65: =Q65*R65 -> 0
A66: =A65+1 -> 63 | B66: Nguyễn Văn Lẵm | D66: Thợ | E66: x | F66: x | G66: x | H66: x | O66: =COUNTIF(E66:N66,"X") -> 4 | P66: =COUNTIF(E66:N66,"X/2")/2 -> 0 | Q66: =SUM(O66:P66) -> 4 | R66: 360000 | S66: =Q66*R66 -> 1440000
A67: =A66+1 -> 64 | B67: Huỳnh Văn Cường | D67: Phụ | O67: =COUNTIF(E67:N67,"X") -> 0 | P67: =COUNTIF(E67:N67,"X/2")/2 -> 0 | Q67: =SUM(O67:P67) -> 0 | R67: 260000 | S67: =Q67*R67 -> 0
A68: =A67+1 -> 65 | B68: Trần Thị Thanh Thúy | D68: Phụ | O68: =COUNTIF(E68:N68,"X") -> 0 | P68: =COUNTIF(E68:N68,"X/2")/2 -> 0 | Q68: =SUM(O68:P68) -> 0 | R68: 260000 | S68: =Q68*R68 -> 0
A69: =A68+1 -> 66 | B69: Nguyễn Văn Xuyên | D69: Phụ | O69: =COUNTIF(E69:N69,"X") -> 0 | P69: =COUNTIF(E69:N69,"X/2")/2 -> 0 | Q69: =SUM(O69:P69) -> 0 | R69: 270000 | S69: =Q69*R69 -> 0
A70: =A69+1 -> 67 | B70: Nguyễn Thành Công | D70: Thợ | E70: x | F70: x | G70: x | H70: x | J70: x | K70: x | L70: x | M70: x | N70: x | O70: =COUNTIF(E70:N70,"X") -> 9 | P70: =COUNTIF(E70:N70,"X/2")/2 -> 0 | Q70: =SUM(O70:P70) -> 9 | R70: 360000 | S70: =Q70*R70 -> 3240000
A71: =A70+1 -> 68 | B71: Mai Văn Liến | D71: Thợ | E71: x | F71: x | G71: x | H71: x | O71: =COUNTIF(E71:N71,"X") -> 4 | P71: =COUNTIF(E71:N71,"X/2")/2 -> 0 | Q71: =SUM(O71:P71) -> 4 | R71: 360000 | S71: =Q71*R71 -> 1440000
A72: =A71+1 -> 69 | B72: Trương Hoàng Khang | D72: Phụ | O72: =COUNTIF(E72:N72,"X") -> 0 | P72: =COUNTIF(E72:N72,"X/2")/2 -> 0 | Q72: =SUM(O72:P72) -> 0 | R72: 260000 | S72: =Q72*R72 -> 0
A73: =A72+1 -> 70 | B73: Nguyễn Văn Chánh | D73: Thợ | E73: x | O73: =COUNTIF(E73:N73,"X") -> 1 | P73: =COUNTIF(E73:N73,"X/2")/2 -> 0 | Q73: =SUM(O73:P73) -> 1 | R73: 360000 | S73: =Q73*R73 -> 360000
A74: =A73+1 -> 71 | B74: Nguyễn Trường Khoa | D74: Phụ | E74: x | O74: =COUNTIF(E74:N74,"X") -> 1 | P74: =COUNTIF(E74:N74,"X/2")/2 -> 0 | Q74: =SUM(O74:P74) -> 1 | R74: 260000 | S74: =Q74*R74 -> 260000
A75: =A74+1 -> 72 | B75: Lê Nguyễn Nhân Quý | D75: Phụ | E75: x | F75: x | G75: x | H75: x | O75: =COUNTIF(E75:N75,"X") -> 4 | P75: =COUNTIF(E75:N75,"X/2")/2 -> 0 | Q75: =SUM(O75:P75) -> 4 | R75: 260000 | S75: =Q75*R75 -> 1040000
E78: =SUBTOTAL(103,E4:E75) -> 41 | F78: =SUBTOTAL(103,F4:F75) -> 42 | G78: =SUBTOTAL(103,G4:G75) -> 42 | H78: =SUBTOTAL(103,H4:H75) -> 33 | I78: =SUBTOTAL(103,I4:I75) -> 0 | J78: =SUBTOTAL(103,J4:J75) -> 30 | O78: =SUBTOTAL(103,O4:O75) -> 72 | P78: =SUBTOTAL(103,P4:P27) -> 24 | Q78: =SUBTOTAL(103,Q4:Q27) -> 24 | R78: =SUBTOTAL(103,R4:R75) -> 72 | S78: =SUBTOTAL(109,S4:S75) -> 105500000 | T78: =SUBTOTAL(109,T4:T75) -> 5000000
T79: =S78-T78 -> 100500000

Sheet 6
A1: BẢNG LƯƠNG (từ 11-20.T4/2026)
A2: STT | B2: HỌ TÊN | C2: GHI CHÚ | D2: CV | E2: 11 | F2: =E2+1 -> 12 | G2: =F2+1 -> 13 | H2: =G2+1 -> 14 | I2: =H2+1 -> 15 | J2: =I2+1 -> 16 | K2: =J2+1 -> 17 | L2: =K2+1 -> 18 | M2: =L2+1 -> 19 | N2: =M2+1 -> 20 | O2: Đủ công | P2: Nửa công | Q2: TC | R2: Lương/ngày | S2: Tổng lương | T2: Ký nhận
E3: T7 | F3: CN | G3: T2 | H3: T3 | I3: T4 | J3: T5 | K3: T6 | L3: T7 | M3: CN | N3: T2
A4: 1 | B4: A Lâm | C4: =SUBTOTAL(103,C5:C22) -> 15 | D4: ĐT | E4: x | F4: x/2 | G4: x | H4: x | I4: x | J4: x | K4: x | L4: x | M4: x | N4: x | O4: =COUNTIF(E4:N4,"X") -> 9 | P4: =COUNTIF(E4:I4,"X/2")/2 -> 0.5 | Q4: =SUM(O4:P4) -> 9.5 | R4: 550000 | S4: =Q4*R4 -> 5225000 | T4: 5000000 | U4: Ứng 5 triệu
A5: 2 | B5: Nguyễn Tấn Tài | C5: Có CCCD gửi cty Hưng Long | D5: Thợ | E5: x | G5: x | H5: x | I5: x | J5: x | K5: x | L5: x | O5: =COUNTIF(E5:N5,"X") -> 7 | P5: =COUNTIF(E5:N5,"X/2")/2 -> 0 | Q5: =SUM(O5:P5) -> 7 | R5: 380000 | S5: =Q5*R5 -> 2660000
A6: 3 | B6: Mai Văn Đời | C6: Có hình CCCD | D6: Thợ | E6: x | G6: x | H6: x | I6: x | J6: x | K6: x | L6: x | M6: x | N6: x | O6: =COUNTIF(E6:N6,"X") -> 9 | P6: =COUNTIF(E6:N6,"X/2")/2 -> 0 | Q6: =SUM(O6:P6) -> 9 | R6: 370000 | S6: =Q6*R6 -> 3330000
A7: =A6+1 -> 4 | B7: Nguyễn Văn Đấu | C7: Có CCCD gửi cty Hưng Long | D7: Thợ | E7: x | G7: x | H7: x | I7: x | J7: x | K7: x | L7: x/2 | O7: =COUNTIF(E7:N7,"X") -> 6 | P7: =COUNTIF(E7:N7,"X/2")/2 -> 0.5 | Q7: =SUM(O7:P7) -> 6.5 | R7: 370000 | S7: =Q7*R7 -> 2405000
A8: =A7+1 -> 5 | B8: Huỳnh Thanh Tùng | C8: Có hình CCCD | D8: Thợ ép | E8: x | H8: x | I8: x | J8: x | K8: x | L8: x | M8: x | O8: =COUNTIF(E8:N8,"X") -> 7 | P8: =COUNTIF(E8:N8,"X/2")/2 -> 0 | Q8: =SUM(O8:P8) -> 7 | R8: 350000 | S8: =Q8*R8 -> 2450000
A9: =A8+1 -> 6 | B9: Nguyễn Hoàng Vũ | C9: Có CCCD gửi cty Hưng Long | D9: Phụ | E9: x | H9: x | I9: x | J9: x | K9: x | L9: x | N9: x | O9: =COUNTIF(E9:N9,"X") -> 7 | P9: =COUNTIF(E9:N9,"X/2")/2 -> 0 | Q9: =SUM(O9:P9) -> 7 | R9: 320000 | S9: =Q9*R9 -> 2240000
A10: =A9+1 -> 7 | B10: Nguyễn Văn Phong | C10: Có hình CCCD | D10: Phụ | E10: x | G10: x | H10: x | I10: x | J10: x | K10: x | L10: x | N10: x | O10: =COUNTIF(E10:N10,"X") -> 8 | P10: =COUNTIF(E10:N10,"X/2")/2 -> 0 | Q10: =SUM(O10:P10) -> 8 | R10: 300000 | S10: =Q10*R10 -> 2400000
A11: =A10+1 -> 8 | B11: Nguyễn Công Thức | C11: Có CCCD gửi cty Hưng Long | D11: Phụ | E11: x | F11: x/2 | G11: x | H11: x | I11: x | J11: x | K11: x | L11: x | M11: x | N11: x | O11: =COUNTIF(E11:N11,"X") -> 9 | P11: =COUNTIF(E11:N11,"X/2")/2 -> 0.5 | Q11: =SUM(O11:P11) -> 9.5 | R11: 360000 | S11: =Q11*R11 -> 3420000
A12: =A11+1 -> 9 | B12: Nguyễn Tấn Lợi | C12: Có hình CCCD | D12: Thợ | O12: =COUNTIF(E12:N12,"X") -> 0 | P12: =COUNTIF(E12:N12,"X/2")/2 -> 0 | Q12: =SUM(O12:P12) -> 0 | R12: 400000 | S12: =Q12*R12 -> 0
A13: 10 | B13: Mai Văn Bảy | C13: Có hình CCCD | D13: Phụ | O13: =COUNTIF(E13:N13,"X") -> 0 | P13: =COUNTIF(E13:N13,"X/2")/2 -> 0 | Q13: =SUM(O13:P13) -> 0 | R13: 280000 | S13: =Q13*R13 -> 0
A14: =A13+1 -> 11 | B14: Huỳnh Chí Linh | C14: Có hình CCCD | D14: Thợ | E14: x | F14: x/2 | G14: x | H14: x | I14: x | J14: x | K14: x | L14: x | M14: x | N14: x | O14: =COUNTIF(E14:N14,"X") -> 9 | P14: =COUNTIF(E14:N14,"X/2")/2 -> 0.5 | Q14: =SUM(O14:P14) -> 9.5 | R14: 400000 | S14: =Q14*R14 -> 3800000
A15: =A14+1 -> 12 | B15: Nguyễn Văn Yêm | D15: Thợ | E15: x | G15: x | H15: x | I15: x | J15: x | K15: x | L15: x | M15: x | N15: x | O15: =COUNTIF(E15:N15,"X") -> 9 | P15: =COUNTIF(E15:N15,"X/2")/2 -> 0 | Q15: =SUM(O15:P15) -> 9 | R15: 390000 | S15: =Q15*R15 -> 3510000
A16: =A15+1 -> 13 | B16: Nguyễn Thanh Tùng | C16: Có CCCD gửi cty Hưng Long | D16: Thợ | E16: x | G16: x | H16: x | I16: x | J16: x | K16: x | L16: x | M16: x | N16: x | O16: =COUNTIF(E16:N16,"X") -> 9 | P16: =COUNTIF(E16:N16,"X/2")/2 -> 0 | Q16: =SUM(O16:P16) -> 9 | R16: 370000 | S16: =Q16*R16 -> 3330000
A17: =A16+1 -> 14 | B17: Nguyễn Văn Mười | D17: Thợ | O17: =COUNTIF(E17:N17,"X") -> 0 | P17: =COUNTIF(E17:N17,"X/2")/2 -> 0 | Q17: =SUM(O17:P17) -> 0 | R17: 360000 | S17: =Q17*R17 -> 0
A18: =A17+1 -> 15 | B18: Phạm Văn Kiệt | C18: Có CCCD gửi cty Hưng Long | D18: Thợ | E18: x | F18: x/2 | G18: x | H18: x | I18: x | J18: x | K18: x | L18: x | M18: x | N18: x | O18: =COUNTIF(E18:N18,"X") -> 9 | P18: =COUNTIF(E18:N18,"X/2")/2 -> 0.5 | Q18: =SUM(O18:P18) -> 9.5 | R18: 380000 | S18: =Q18*R18 -> 3610000
A19: =A18+1 -> 16 | B19: Trương Văn Thông | C19: Có CCCD gửi cty Hưng Long | D19: Phụ | E19: x | G19: x | H19: x | O19: =COUNTIF(E19:N19,"X") -> 3 | P19: =COUNTIF(E19:N19,"X/2")/2 -> 0 | Q19: =SUM(O19:P19) -> 3 | R19: 270000 | S19: =Q19*R19 -> 810000
A20: =A19+1 -> 17 | B20: Võ Hoàng Nam | C20: Có CCCD gửi cty Hưng Long | D20: Thợ | E20: x | G20: x | H20: x | I20: x | J20: x | K20: x | L20: x | N20: x | O20: =COUNTIF(E20:N20,"X") -> 8 | P20: =COUNTIF(E20:N20,"X/2")/2 -> 0 | Q20: =SUM(O20:P20) -> 8 | R20: 380000 | S20: =Q20*R20 -> 3040000
A21: =A20+1 -> 18 | B21: Trần Thanh Sơn | C21: Có CCCD gửi cty Hưng Long | D21: Thợ | J21: x | K21: x | L21: x | M21: x | N21: x | O21: =COUNTIF(E21:N21,"X") -> 5 | P21: =COUNTIF(E21:N21,"X/2")/2 -> 0 | Q21: =SUM(O21:P21) -> 5 | R21: 370000 | S21: =Q21*R21 -> 1850000
A22: =A21+1 -> 19 | B22: Đinh Văn Thống | D22: Phụ | I22: x | J22: x | K22: x | L22: x | M22: x | N22: x | O22: =COUNTIF(E22:N22,"X") -> 6 | P22: =COUNTIF(E22:N22,"X/2")/2 -> 0 | Q22: =SUM(O22:P22) -> 6 | R22: 280000 | S22: =Q22*R22 -> 1680000
A23: =A22+1 -> 20 | B23: Lê Vũ Linh | D23: Thợ | E23: x | F23: x/2 | G23: x | H23: x | I23: x | J23: x | K23: x | L23: x | M23: x | N23: x | O23: =COUNTIF(E23:N23,"X") -> 9 | P23: =COUNTIF(E23:N23,"X/2")/2 -> 0.5 | Q23: =SUM(O23:P23) -> 9.5 | R23: 380000 | S23: =Q23*R23 -> 3610000
A24: =A23+1 -> 21 | B24: Nguyễn Thị Cười | D24: Thợ | E24: x | F24: x/2 | G24: x | H24: x | I24: x | J24: x | K24: x | L24: x | M24: x | N24: x | O24: =COUNTIF(E24:N24,"X") -> 9 | P24: =COUNTIF(E24:N24,"X/2")/2 -> 0.5 | Q24: =SUM(O24:P24) -> 9.5 | R24: 280000 | S24: =Q24*R24 -> 2660000
A25: =A24+1 -> 22 | B25: Huỳnh Thanh Xuân | D25: Phụ | O25: =COUNTIF(E25:N25,"X") -> 0 | P25: =COUNTIF(E25:N25,"X/2")/2 -> 0 | Q25: =SUM(O25:P25) -> 0 | R25: 270000 | S25: =Q25*R25 -> 0
A26: =A25+1 -> 23 | B26: Lâm Hữu Phước | D26: Phụ | E26: x | G26: x | H26: x | I26: x | J26: x | K26: x | L26: x | M26: x | N26: x/2 | O26: =COUNTIF(E26:N26,"X") -> 8 | P26: =COUNTIF(E26:N26,"X/2")/2 -> 0.5 | Q26: =SUM(O26:P26) -> 8.5 | R26: 280000 | S26: =Q26*R26 -> 2380000
A27: =A26+1 -> 24 | B27: Nguyễn Văn Phao | D27: Thợ | O27: =COUNTIF(E27:N27,"X") -> 0 | P27: =COUNTIF(E27:N27,"X/2")/2 -> 0 | Q27: =SUM(O27:P27) -> 0 | R27: 370000 | S27: =Q27*R27 -> 0
A28: 25 | B28: Lâm Kỳ Phi | D28: Thợ | E28: x | H28: x | I28: x | J28: x | K28: x | L28: x | M28: x/2 | O28: =COUNTIF(E28:N28,"X") -> 6 | P28: =COUNTIF(E28:N28,"X/2")/2 -> 0.5 | Q28: =SUM(O28:P28) -> 6.5 | R28: 400000 | S28: =Q28*R28 -> 2600000 | T28: 1000000 | U28: Ứng 1 triệu
A29: =A28+1 -> 26 | B29: Trần Thanh Phong | D29: Thợ | E29: x | H29: x | I29: x | J29: x | K29: x | L29: x | O29: =COUNTIF(E29:N29,"X") -> 6 | P29: =COUNTIF(E29:N29,"X/2")/2 -> 0 | Q29: =SUM(O29:P29) -> 6 | R29: 370000 | S29: =Q29*R29 -> 2220000 | T29: 2000000 | U29: Ứng 2 triệu
A30: =A29+1 -> 27 | B30: Trịnh Văn Phước | D30: Thợ | I30: x | J30: x | K30: x | N30: x | O30: =COUNTIF(E30:N30,"X") -> 4 | P30: =COUNTIF(E30:N30,"X/2")/2 -> 0 | Q30: =SUM(O30:P30) -> 4 | R30: 380000 | S30: =Q30*R30 -> 1520000
A31: =A30+1 -> 28 | B31: Nguyễn Văn Liễu | D31: Thợ | E31: x | G31: x | H31: x | I31: x | J31: x | K31: x | L31: x | M31: x | N31: x | O31: =COUNTIF(E31:N31,"X") -> 9 | P31: =COUNTIF(E31:N31,"X/2")/2 -> 0 | Q31: =SUM(O31:P31) -> 9 | R31: 360000 | S31: =Q31*R31 -> 3240000
A32: =A31+1 -> 29 | B32: Nguyễn Quốc Thiện | D32: Phụ | O32: =COUNTIF(E32:N32,"X") -> 0 | P32: =COUNTIF(E32:N32,"X/2")/2 -> 0 | Q32: =SUM(O32:P32) -> 0 | R32: 280000 | S32: =Q32*R32 -> 0
A33: =A32+1 -> 30 | B33: Nguyễn Văn Cường | D33: Thợ | O33: =COUNTIF(E33:N33,"X") -> 0 | P33: =COUNTIF(E33:N33,"X/2")/2 -> 0 | Q33: =SUM(O33:P33) -> 0 | R33: 370000 | S33: =Q33*R33 -> 0
A34: =A33+1 -> 31 | B34: Nguyễn Thu Mè | D34: Phụ | O34: =COUNTIF(E34:N34,"X") -> 0 | P34: =COUNTIF(E34:N34,"X/2")/2 -> 0 | Q34: =SUM(O34:P34) -> 0 | R34: 270000 | S34: =Q34*R34 -> 0
A35: =A34+1 -> 32 | B35: Nguyễn Văn Chờ | D35: Thợ | O35: =COUNTIF(E35:N35,"X") -> 0 | P35: =COUNTIF(E35:N35,"X/2")/2 -> 0 | Q35: =SUM(O35:P35) -> 0 | R35: 360000 | S35: =Q35*R35 -> 0
A36: =A35+1 -> 33 | B36: Nguyễn Văn Châu | D36: Phụ | E36: x | G36: x | H36: x | I36: x | J36: x | K36: x | L36: x | O36: =COUNTIF(E36:N36,"X") -> 7 | P36: =COUNTIF(E36:N36,"X/2")/2 -> 0 | Q36: =SUM(O36:P36) -> 7 | R36: 280000 | S36: =Q36*R36+80000 -> 2040000 | U36: Đã bù lương tuần trước
A37: =A36+1 -> 34 | B37: Lê Quốc Thịnh | D37: Phụ | O37: =COUNTIF(E37:N37,"X") -> 0 | P37: =COUNTIF(E37:N37,"X/2")/2 -> 0 | Q37: =SUM(O37:P37) -> 0 | R37: 260000 | S37: =Q37*R37 -> 0
A38: =A37+1 -> 35 | B38: Lê Văn Xết | D38: Thợ | H38: x | I38: x | J38: x | K38: x | L38: x | N38: x | O38: =COUNTIF(E38:N38,"X") -> 6 | P38: =COUNTIF(E38:N38,"X/2")/2 -> 0 | Q38: =SUM(O38:P38) -> 6 | R38: 360000 | S38: =Q38*R38 -> 2160000
A39: =A38+1 -> 36 | B39: Nguyễn Văn Thiệt | D39: Thợ | O39: =COUNTIF(E39:N39,"X") -> 0 | P39: =COUNTIF(E39:N39,"X/2")/2 -> 0 | Q39: =SUM(O39:P39) -> 0 | R39: 360000 | S39: =Q39*R39 -> 0
A40: =A39+1 -> 37 | B40: Huỳnh Văn Lý | D40: Phụ | E40: x | G40: x | H40: x | I40: x | J40: x | K40: x | L40: x | O40: =COUNTIF(E40:N40,"X") -> 7 | P40: =COUNTIF(E40:N40,"X/2")/2 -> 0 | Q40: =SUM(O40:P40) -> 7 | R40: 260000 | S40: =Q40*R40 -> 1820000
A41: =A40+1 -> 38 | B41: Lê Việt Đa | D41: Thợ | O41: =COUNTIF(E41:N41,"X") -> 0 | P41: =COUNTIF(E41:N41,"X/2")/2 -> 0 | Q41: =SUM(O41:P41) -> 0 | R41: 370000 | S41: =Q41*R41 -> 0
A42: =A41+1 -> 39 | B42: Trần Văn Kỳ | D42: Phụ | O42: =COUNTIF(E42:N42,"X") -> 0 | P42: =COUNTIF(E42:N42,"X/2")/2 -> 0 | Q42: =SUM(O42:P42) -> 0 | R42: 270000 | S42: =Q42*R42 -> 0
A43: =A42+1 -> 40 | B43: Nguyễn Văn Bình | D43: Thợ | G43: x | H43: x | I43: x | J43: x | K43: x | L43: x | N43: x | O43: =COUNTIF(E43:N43,"X") -> 7 | P43: =COUNTIF(E43:N43,"X/2")/2 -> 0 | Q43: =SUM(O43:P43) -> 7 | R43: 370000 | S43: =Q43*R43+70000 -> 2660000 | U43: Đã bù lương tuần trước
A44: =A43+1 -> 41 | B44: Tạ Thị Mỵ | D44: Phụ | G44: x | H44: x | I44: x | J44: x | K44: x | L44: x | N44: x | O44: =COUNTIF(E44:N44,"X") -> 7 | P44: =COUNTIF(E44:N44,"X/2")/2 -> 0 | Q44: =SUM(O44:P44) -> 7 | R44: 270000 | S44: =Q44*R44 -> 1890000
A45: =A44+1 -> 42 | B45: Lê Văn Khải | D45: Phụ | O45: =COUNTIF(E45:N45,"X") -> 0 | P45: =COUNTIF(E45:N45,"X/2")/2 -> 0 | Q45: =SUM(O45:P45) -> 0 | R45: 270000 | S45: =Q45*R45 -> 0
A46: =A45+1 -> 43 | B46: Vương Thị Lý | D46: Phụ | O46: =COUNTIF(E46:N46,"X") -> 0 | P46: =COUNTIF(E46:N46,"X/2")/2 -> 0 | Q46: =SUM(O46:P46) -> 0 | R46: 270000 | S46: =Q46*R46 -> 0
A47: =A46+1 -> 44 | B47: Lê Thanh Sáng | D47: Thợ | E47: x | F47: x/2 | G47: x | H47: x | I47: x | J47: x | K47: x | L47: x | M47: x | N47: x | O47: =COUNTIF(E47:N47,"X") -> 9 | P47: =COUNTIF(E47:N47,"X/2")/2 -> 0.5 | Q47: =SUM(O47:P47) -> 9.5 | R47: 370000 | S47: =Q47*R47+70000 -> 3585000 | U47: Đã bù lương tuần trước
A48: =A47+1 -> 45 | B48: Nguyễn Văn Sa | D48: Thợ | E48: x | G48: x | H48: x | I48: x | J48: x | K48: x | L48: x | M48: x | N48: x | O48: =COUNTIF(E48:N48,"X") -> 9 | P48: =COUNTIF(E48:N48,"X/2")/2 -> 0 | Q48: =SUM(O48:P48) -> 9 | R48: 360000 | S48: =Q48*R48 -> 3240000
A49: =A48+1 -> 46 | B49: Trần Thị Thu | D49: Phụ | E49: x | F49: x/2 | H49: x | I49: x | J49: x | K49: x | L49: x | M49: x | N49: x | O49: =COUNTIF(E49:N49,"X") -> 8 | P49: =COUNTIF(E49:N49,"X/2")/2 -> 0.5 | Q49: =SUM(O49:P49) -> 8.5 | R49: 270000 | S49: =Q49*R49 -> 2295000
A50: =A49+1 -> 47 | B50: Ngô Văn Giỏi | D50: Phụ | O50: =COUNTIF(E50:N50,"X") -> 0 | P50: =COUNTIF(E50:N50,"X/2")/2 -> 0 | Q50: =SUM(O50:P50) -> 0 | R50: 270000 | S50: =Q50*R50 -> 0
A51: =A50+1 -> 48 | B51: Hồ Thanh Giãn | D51: Thợ | E51: x | G51: x | H51: x | I51: x | J51: x | K51: x | L51: x | M51: x | N51: x | O51: =COUNTIF(E51:N51,"X") -> 9 | P51: =COUNTIF(E51:N51,"X/2")/2 -> 0 | Q51: =SUM(O51:P51) -> 9 | R51: 360000 | S51: =Q51*R51 -> 3240000
A52: =A51+1 -> 49 | B52: Phạm Tấn Phong | D52: Thợ | O52: =COUNTIF(E52:N52,"X") -> 0 | P52: =COUNTIF(E52:N52,"X/2")/2 -> 0 | Q52: =SUM(O52:P52) -> 0 | R52: 360000 | S52: =Q52*R52 -> 0
A53: =A52+1 -> 50 | B53: Nguyễn Hồng Lẹ | D53: Phụ | O53: =COUNTIF(E53:N53,"X") -> 0 | P53: =COUNTIF(E53:N53,"X/2")/2 -> 0 | Q53: =SUM(O53:P53) -> 0 | R53: 270000 | S53: =Q53*R53 -> 0
A54: =A53+1 -> 51 | B54: Đỗ Ngọc Thảo | D54: Phụ | E54: x | H54: x | I54: x | J54: x | K54: x | L54: x | M54: x/2 | O54: =COUNTIF(E54:N54,"X") -> 6 | P54: =COUNTIF(E54:N54,"X/2")/2 -> 0.5 | Q54: =SUM(O54:P54) -> 6.5 | R54: 270000 | S54: =Q54*R54 -> 1755000
A55: =A54+1 -> 52 | B55: Cao Nhựt Khanh | D55: Phụ | O55: =COUNTIF(E55:N55,"X") -> 0 | P55: =COUNTIF(E55:N55,"X/2")/2 -> 0 | Q55: =SUM(O55:P55) -> 0 | R55: 270000 | S55: =Q55*R55 -> 0
A56: =A55+1 -> 53 | B56: Lê Trọng Thật | D56: Phụ | E56: x | F56: x/2 | G56: x | H56: x | I56: x | J56: x | L56: x | N56: x | O56: =COUNTIF(E56:N56,"X") -> 7 | P56: =COUNTIF(E56:N56,"X/2")/2 -> 0.5 | Q56: =SUM(O56:P56) -> 7.5 | R56: 280000 | S56: =Q56*R56+60000 -> 2160000 | U56: Đã bù lương tuần trước
A57: =A56+1 -> 54 | B57: Nguyễn Thị Lệ | D57: Phụ | E57: x | G57: x | H57: x | I57: x | J57: x | O57: =COUNTIF(E57:N57,"X") -> 5 | P57: =COUNTIF(E57:N57,"X/2")/2 -> 0 | Q57: =SUM(O57:P57) -> 5 | R57: 270000 | S57: =Q57*R57 -> 1350000
A58: =A57+1 -> 55 | B58: Nguyễn Văn Mừng | D58: Thợ | O58: =COUNTIF(E58:N58,"X") -> 0 | P58: =COUNTIF(E58:N58,"X/2")/2 -> 0 | Q58: =SUM(O58:P58) -> 0 | R58: 360000 | S58: =Q58*R58 -> 0
A59: =A58+1 -> 56 | B59: Lê Hữu Minh | D59: Phụ | O59: =COUNTIF(E59:N59,"X") -> 0 | P59: =COUNTIF(E59:N59,"X/2")/2 -> 0 | Q59: =SUM(O59:P59) -> 0 | R59: 270000 | S59: =Q59*R59 -> 0
A60: =A59+1 -> 57 | B60: Đặng Hoàng Đông | D60: Phụ | O60: =COUNTIF(E60:N60,"X") -> 0 | P60: =COUNTIF(E60:N60,"X/2")/2 -> 0 | Q60: =SUM(O60:P60) -> 0 | R60: 260000 | S60: =Q60*R60 -> 0
A61: =A60+1 -> 58 | B61: Nguyễn Văn Chín | D61: Thợ | O61: =COUNTIF(E61:N61,"X") -> 0 | P61: =COUNTIF(E61:N61,"X/2")/2 -> 0 | Q61: =SUM(O61:P61) -> 0 | R61: 360000 | S61: =Q61*R61 -> 0
A62: =A61+1 -> 59 | B62: Ngô Văn Cộp | D62: Phụ | E62: x | G62: x | H62: x | L62: x | M62: x | N62: x | O62: =COUNTIF(E62:N62,"X") -> 6 | P62: =COUNTIF(E62:N62,"X/2")/2 -> 0 | Q62: =SUM(O62:P62) -> 6 | R62: 260000 | S62: =Q62*R62 -> 1560000
A63: =A62+1 -> 60 | B63: Đỗ Văn Liếu | D63: Phụ | O63: =COUNTIF(E63:N63,"X") -> 0 | P63: =COUNTIF(E63:N63,"X/2")/2 -> 0 | Q63: =SUM(O63:P63) -> 0 | R63: 260000 | S63: =Q63*R63 -> 0
A64: =A63+1 -> 61 | B64: Nguyễn Văn Biết | D64: Thợ | G64: x | H64: x | I64: x | J64: x | K64: x | L64: x | M64: x | N64: x | O64: =COUNTIF(E64:N64,"X") -> 8 | P64: =COUNTIF(E64:N64,"X/2")/2 -> 0 | Q64: =SUM(O64:P64) -> 8 | R64: 360000 | S64: =Q64*R64 -> 2880000
A65: =A64+1 -> 62 | B65: Võ Văn Nguyện | D65: Phụ | O65: =COUNTIF(E65:N65,"X") -> 0 | P65: =COUNTIF(E65:N65,"X/2")/2 -> 0 | Q65: =SUM(O65:P65) -> 0 | R65: 260000 | S65: =Q65*R65 -> 0
A66: =A65+1 -> 63 | B66: Nguyễn Văn Lẵm | D66: Thợ | G66: x | H66: x | I66: x | J66: x | K66: x | L66: x | N66: x | O66: =COUNTIF(E66:N66,"X") -> 7 | P66: =COUNTIF(E66:N66,"X/2")/2 -> 0 | Q66: =SUM(O66:P66) -> 7 | R66: 360000 | S66: =Q66*R66 -> 2520000
A67: =A66+1 -> 64 | B67: Huỳnh Văn Cường | D67: Phụ | O67: =COUNTIF(E67:N67,"X") -> 0 | P67: =COUNTIF(E67:N67,"X/2")/2 -> 0 | Q67: =SUM(O67:P67) -> 0 | R67: 260000 | S67: =Q67*R67 -> 0
A68: =A67+1 -> 65 | B68: Trần Thị Thanh Thúy | D68: Phụ | O68: =COUNTIF(E68:N68,"X") -> 0 | P68: =COUNTIF(E68:N68,"X/2")/2 -> 0 | Q68: =SUM(O68:P68) -> 0 | R68: 260000 | S68: =Q68*R68 -> 0
A69: =A68+1 -> 66 | B69: Nguyễn Văn Xuyên | D69: Phụ | O69: =COUNTIF(E69:N69,"X") -> 0 | P69: =COUNTIF(E69:N69,"X/2")/2 -> 0 | Q69: =SUM(O69:P69) -> 0 | R69: 270000 | S69: =Q69*R69 -> 0
A70: =A69+1 -> 67 | B70: Nguyễn Thành Công | D70: Thợ | G70: x | H70: x | I70: x | J70: x | K70: x | L70: x | N70: x | O70: =COUNTIF(E70:N70,"X") -> 7 | P70: =COUNTIF(E70:N70,"X/2")/2 -> 0 | Q70: =SUM(O70:P70) -> 7 | R70: 360000 | S70: =Q70*R70 -> 2520000
A71: =A70+1 -> 68 | B71: Mai Văn Liến | D71: Thợ | O71: =COUNTIF(E71:N71,"X") -> 0 | P71: =COUNTIF(E71:N71,"X/2")/2 -> 0 | Q71: =SUM(O71:P71) -> 0 | R71: 360000 | S71: =Q71*R71 -> 0
A72: =A71+1 -> 69 | B72: Trương Hoàng Khang | D72: Phụ | O72: =COUNTIF(E72:N72,"X") -> 0 | P72: =COUNTIF(E72:N72,"X/2")/2 -> 0 | Q72: =SUM(O72:P72) -> 0 | R72: 260000 | S72: =Q72*R72 -> 0
A73: =A72+1 -> 70 | B73: Nguyễn Văn Chánh | D73: Thợ | O73: =COUNTIF(E73:N73,"X") -> 0 | P73: =COUNTIF(E73:N73,"X/2")/2 -> 0 | Q73: =SUM(O73:P73) -> 0 | R73: 360000 | S73: =Q73*R73 -> 0
A74: =A73+1 -> 71 | B74: Nguyễn Trường Khoa | D74: Phụ | O74: =COUNTIF(E74:N74,"X") -> 0 | P74: =COUNTIF(E74:N74,"X/2")/2 -> 0 | Q74: =SUM(O74:P74) -> 0 | R74: 260000 | S74: =Q74*R74 -> 0
A75: =A74+1 -> 72 | B75: Lê Nguyễn Nhân Quý | D75: Phụ | E75: x | G75: x | H75: x | O75: =COUNTIF(E75:N75,"X") -> 3 | P75: =COUNTIF(E75:N75,"X/2")/2 -> 0 | Q75: =SUM(O75:P75) -> 3 | R75: 260000 | S75: =Q75*R75 -> 780000
E78: =SUBTOTAL(103,E4:E75) -> 31 | F78: =SUBTOTAL(103,F4:F75) -> 9 | G78: =SUBTOTAL(103,G4:G75) -> 30 | H78: =SUBTOTAL(103,H4:H75) -> 37 | I78: =SUBTOTAL(103,I4:I75) -> 36 | J78: =SUBTOTAL(103,J4:J75) -> 37 | O78: =SUBTOTAL(103,O4:O75) -> 72 | P78: =SUBTOTAL(103,P4:P27) -> 24 | Q78: =SUBTOTAL(103,Q4:Q27) -> 24 | R78: =SUBTOTAL(103,R4:R75) -> 72 | S78: =SUBTOTAL(109,S4:S75) -> 102445000 | T78: =SUBTOTAL(109,T4:T75) -> 8000000
S79: 8685000 | T79: =S78-T78 -> 94445000
T80: =T79-S79 -> 85760000
S81: =S78-S79-5000000 -> 88760000

Sheet 7
A1: BẢNG LƯƠNG (từ 21-30.T4/2026)
A2: STT | B2: HỌ TÊN | C2: GHI CHÚ | D2: CV | E2: 21 | F2: =E2+1 -> 22 | G2: =F2+1 -> 23 | H2: =G2+1 -> 24 | I2: =H2+1 -> 25 | J2: =I2+1 -> 26 | K2: =J2+1 -> 27 | L2: =K2+1 -> 28 | M2: =L2+1 -> 29 | N2: =M2+1 -> 30 | O2: Đủ công | P2: Nửa công | Q2: TC | R2: Lương/ngày | S2: Tổng lương | T2: Ký nhận
E3: T2 | F3: T4 | G3: T5 | H3: T6 | I3: T7 | J3: CN | K3: T2 | L3: T3 | M3: T4 | N3: T5
A4: 1 | B4: A Lâm | C4: =SUBTOTAL(103,C5:C22) -> 15 | D4: ĐT | E4: x | F4: x | G4: x | H4: x | I4: x | J4: x | K4: x | L4: x | M4: x | O4: =COUNTIF(E4:N4,"X") -> 9 | P4: =COUNTIF(E4:I4,"X/2")/2 -> 0 | Q4: =SUM(O4:P4) -> 9 | R4: 550000 | S4: =Q4*R4 -> 4950000 | T4: 1800000
A5: 2 | B5: Nguyễn Tấn Tài | C5: Có CCCD gửi cty Hưng Long | D5: Thợ | K5: x | L5: x | M5: x | O5: =COUNTIF(E5:N5,"X") -> 3 | P5: =COUNTIF(E5:N5,"X/2")/2 -> 0 | Q5: =SUM(O5:P5) -> 3 | R5: 380000 | S5: =Q5*R5 -> 1140000
A6: 3 | B6: Mai Văn Đời | C6: Có hình CCCD | D6: Thợ | E6: x | F6: x | G6: x | H6: x | K6: x | L6: x | M6: x | O6: =COUNTIF(E6:N6,"X") -> 7 | P6: =COUNTIF(E6:N6,"X/2")/2 -> 0 | Q6: =SUM(O6:P6) -> 7 | R6: 370000 | S6: =Q6*R6 -> 2590000
A7: =A6+1 -> 4 | B7: Nguyễn Văn Đấu | C7: Có CCCD gửi cty Hưng Long | D7: Thợ | F7: x | G7: x | H7: x | K7: x | L7: x | M7: x | O7: =COUNTIF(E7:N7,"X") -> 6 | P7: =COUNTIF(E7:N7,"X/2")/2 -> 0 | Q7: =SUM(O7:P7) -> 6 | R7: 370000 | S7: =Q7*R7 -> 2220000 | T7: 500000
A8: =A7+1 -> 5 | B8: Huỳnh Thanh Tùng | C8: Có hình CCCD | D8: Thợ ép | F8: x | G8: x | H8: x | I8: x | J8: x | K8: x | L8: x | O8: =COUNTIF(E8:N8,"X") -> 7 | P8: =COUNTIF(E8:N8,"X/2")/2 -> 0 | Q8: =SUM(O8:P8) -> 7 | R8: 350000 | S8: =Q8*R8 -> 2450000
A9: =A8+1 -> 6 | B9: Nguyễn Hoàng Vũ | C9: Có CCCD gửi cty Hưng Long | D9: Phụ | E9: x | F9: x | G9: x | H9: x | I9: x | J9: x | K9: x | L9: x | M9: x | N9: x | O9: =COUNTIF(E9:N9,"X") -> 10 | P9: =COUNTIF(E9:N9,"X/2")/2 -> 0 | Q9: =SUM(O9:P9) -> 10 | R9: 350000 | S9: =Q9*R9 -> 3500000
A10: =A9+1 -> 7 | B10: Nguyễn Văn Phong | C10: Có hình CCCD | D10: Phụ | E10: x | F10: x | G10: x | H10: x | I10: x | J10: x | K10: x | L10: x | M10: x | O10: =COUNTIF(E10:N10,"X") -> 9 | P10: =COUNTIF(E10:N10,"X/2")/2 -> 0 | Q10: =SUM(O10:P10) -> 9 | R10: 300000 | S10: =Q10*R10 -> 2700000
A11: =A10+1 -> 8 | B11: Nguyễn Công Thức | C11: Có CCCD gửi cty Hưng Long | D11: Phụ | E11: x | F11: x | G11: x | H11: x | I11: x | J11: x | K11: x | L11: x | M11: x | O11: =COUNTIF(E11:N11,"X") -> 9 | P11: =COUNTIF(E11:N11,"X/2")/2 -> 0 | Q11: =SUM(O11:P11) -> 9 | R11: 360000 | S11: =Q11*R11 -> 3240000
A12: =A11+1 -> 9 | B12: Nguyễn Tấn Lợi | C12: Có hình CCCD | D12: Thợ | O12: =COUNTIF(E12:N12,"X") -> 0 | P12: =COUNTIF(E12:N12,"X/2")/2 -> 0 | Q12: =SUM(O12:P12) -> 0 | R12: 400000 | S12: =Q12*R12 -> 0
A13: 10 | B13: Mai Văn Bảy | C13: Có hình CCCD | D13: Phụ | O13: =COUNTIF(E13:N13,"X") -> 0 | P13: =COUNTIF(E13:N13,"X/2")/2 -> 0 | Q13: =SUM(O13:P13) -> 0 | R13: 280000 | S13: =Q13*R13 -> 0
A14: =A13+1 -> 11 | B14: Huỳnh Chí Linh | C14: Có hình CCCD | D14: Thợ | E14: x | F14: x | G14: x | H14: x | I14: x | J14: x | K14: x | L14: x | M14: x | O14: =COUNTIF(E14:N14,"X") -> 9 | P14: =COUNTIF(E14:N14,"X/2")/2 -> 0 | Q14: =SUM(O14:P14) -> 9 | R14: 400000 | S14: =Q14*R14 -> 3600000
A15: =A14+1 -> 12 | B15: Nguyễn Văn Yêm | D15: Thợ | E15: x | F15: x | G15: x | H15: x | I15: x | J15: x | K15: x | L15: x | O15: =COUNTIF(E15:N15,"X") -> 8 | P15: =COUNTIF(E15:N15,"X/2")/2 -> 0 | Q15: =SUM(O15:P15) -> 8 | R15: 390000 | S15: =Q15*R15 -> 3120000
A16: =A15+1 -> 13 | B16: Nguyễn Thanh Tùng | C16: Có CCCD gửi cty Hưng Long | D16: Thợ | E16: x | F16: x | G16: x | H16: x | I16: x | K16: x | L16: x | O16: =COUNTIF(E16:N16,"X") -> 7 | P16: =COUNTIF(E16:N16,"X/2")/2 -> 0 | Q16: =SUM(O16:P16) -> 7 | R16: 370000 | S16: =Q16*R16 -> 2590000
A17: =A16+1 -> 14 | B17: Nguyễn Văn Mười | D17: Thợ | O17: =COUNTIF(E17:N17,"X") -> 0 | P17: =COUNTIF(E17:N17,"X/2")/2 -> 0 | Q17: =SUM(O17:P17) -> 0 | R17: 360000 | S17: =Q17*R17 -> 0
A18: =A17+1 -> 15 | B18: Phạm Văn Kiệt | C18: Có CCCD gửi cty Hưng Long | D18: Thợ | E18: x | F18: x | G18: x | H18: x | I18: x | K18: x | L18: x | M18: x | O18: =COUNTIF(E18:N18,"X") -> 8 | P18: =COUNTIF(E18:N18,"X/2")/2 -> 0 | Q18: =SUM(O18:P18) -> 8 | R18: 380000 | S18: =Q18*R18 -> 3040000
A19: =A18+1 -> 16 | B19: Trương Văn Thông | C19: Có CCCD gửi cty Hưng Long | D19: Phụ | O19: =COUNTIF(E19:N19,"X") -> 0 | P19: =COUNTIF(E19:N19,"X/2")/2 -> 0 | Q19: =SUM(O19:P19) -> 0 | R19: 270000 | S19: =Q19*R19 -> 0
A20: =A19+1 -> 17 | B20: Võ Hoàng Nam | C20: Có CCCD gửi cty Hưng Long | D20: Thợ | E20: x | F20: x | G20: x | H20: x | I20: x | L20: x | M20: x | O20: =COUNTIF(E20:N20,"X") -> 7 | P20: =COUNTIF(E20:N20,"X/2")/2 -> 0 | Q20: =SUM(O20:P20) -> 7 | R20: 380000 | S20: =Q20*R20 -> 2660000
A21: =A20+1 -> 18 | B21: Trần Thanh Sơn | C21: Có CCCD gửi cty Hưng Long | D21: Thợ | E21: x | F21: x | G21: x | H21: x | I21: x | K21: x | L21: x | O21: =COUNTIF(E21:N21,"X") -> 7 | P21: =COUNTIF(E21:N21,"X/2")/2 -> 0 | Q21: =SUM(O21:P21) -> 7 | R21: 370000 | S21: =Q21*R21 -> 2590000
A22: =A21+1 -> 19 | B22: Đinh Văn Thống | D22: Phụ | E22: x | F22: x | G22: x | H22: x | I22: x | J22: x | K22: x | L22: x | M22: x | O22: =COUNTIF(E22:N22,"X") -> 9 | P22: =COUNTIF(E22:N22,"X/2")/2 -> 0 | Q22: =SUM(O22:P22) -> 9 | R22: 280000 | S22: =Q22*R22 -> 2520000
A23: =A22+1 -> 20 | B23: Lê Vũ Linh | D23: Thợ | E23: x | F23: x | G23: x | H23: x | I23: x | J23: x | K23: x | L23: x | M23: x | O23: =COUNTIF(E23:N23,"X") -> 9 | P23: =COUNTIF(E23:N23,"X/2")/2 -> 0 | Q23: =SUM(O23:P23) -> 9 | R23: 380000 | S23: =Q23*R23 -> 3420000
A24: =A23+1 -> 21 | B24: Nguyễn Thị Cười | D24: Thợ | E24: x | F24: x | G24: x | H24: x | I24: x | J24: x | K24: x/2 | L24: x | M24: x | O24: =COUNTIF(E24:N24,"X") -> 8 | P24: =COUNTIF(E24:N24,"X/2")/2 -> 0.5 | Q24: =SUM(O24:P24) -> 8.5 | R24: 280000 | S24: =Q24*R24 -> 2380000
A25: =A24+1 -> 22 | B25: Huỳnh Thanh Xuân | D25: Phụ | O25: =COUNTIF(E25:N25,"X") -> 0 | P25: =COUNTIF(E25:N25,"X/2")/2 -> 0 | Q25: =SUM(O25:P25) -> 0 | R25: 270000 | S25: =Q25*R25 -> 0
A26: =A25+1 -> 23 | B26: Lâm Hữu Phước | D26: Phụ | E26: x | F26: x | I26: x | J26: x | K26: x | L26: x | M26: x | O26: =COUNTIF(E26:N26,"X") -> 7 | P26: =COUNTIF(E26:N26,"X/2")/2 -> 0 | Q26: =SUM(O26:P26) -> 7 | R26: 280000 | S26: =Q26*R26 -> 1960000
A27: =A26+1 -> 24 | B27: Nguyễn Văn Phao | D27: Thợ | O27: =COUNTIF(E27:N27,"X") -> 0 | P27: =COUNTIF(E27:N27,"X/2")/2 -> 0 | Q27: =SUM(O27:P27) -> 0 | R27: 370000 | S27: =Q27*R27 -> 0
A28: 25 | B28: Lâm Kỳ Phi | D28: Thợ | E28: x/2 | F28: x | G28: x | H28: x | I28: x | J28: x | K28: x | L28: x | M28: x | N28: x | O28: =COUNTIF(E28:N28,"X") -> 9 | P28: =COUNTIF(E28:N28,"X/2")/2 -> 0.5 | Q28: =SUM(O28:P28) -> 9.5 | R28: 400000 | S28: =Q28*R28 -> 3800000 | T28: 2000000
A29: =A28+1 -> 26 | B29: Trần Thanh Phong | D29: Thợ | E29: x | F29: x | G29: x | I29: x | J29: x | K29: x/2 | L29: x | M29: x | N29: x | O29: =COUNTIF(E29:N29,"X") -> 8 | P29: =COUNTIF(E29:N29,"X/2")/2 -> 0.5 | Q29: =SUM(O29:P29) -> 8.5 | R29: 370000 | S29: =Q29*R29 -> 3145000 | T29: 1000000
A30: =A29+1 -> 27 | B30: Trịnh Văn Phước | D30: Thợ | E30: x | F30: x | G30: x | H30: x | I30: x | L30: x | M30: x | O30: =COUNTIF(E30:N30,"X") -> 7 | P30: =COUNTIF(E30:N30,"X/2")/2 -> 0 | Q30: =SUM(O30:P30) -> 7 | R30: 380000 | S30: =Q30*R30 -> 2660000
A31: =A30+1 -> 28 | B31: Nguyễn Văn Liễu | D31: Thợ | E31: x | F31: x | G31: x | H31: x | I31: x | J31: x | K31: x | L31: x | M31: x | O31: =COUNTIF(E31:N31,"X") -> 9 | P31: =COUNTIF(E31:N31,"X/2")/2 -> 0 | Q31: =SUM(O31:P31) -> 9 | R31: 360000 | S31: =Q31*R31 -> 3240000
A32: =A31+1 -> 29 | B32: Nguyễn Quốc Thiện | D32: Phụ | O32: =COUNTIF(E32:N32,"X") -> 0 | P32: =COUNTIF(E32:N32,"X/2")/2 -> 0 | Q32: =SUM(O32:P32) -> 0 | R32: 280000 | S32: =Q32*R32 -> 0
A33: =A32+1 -> 30 | B33: Nguyễn Văn Cường | D33: Thợ | O33: =COUNTIF(E33:N33,"X") -> 0 | P33: =COUNTIF(E33:N33,"X/2")/2 -> 0 | Q33: =SUM(O33:P33) -> 0 | R33: 370000 | S33: =Q33*R33 -> 0
A34: =A33+1 -> 31 | B34: Nguyễn Thu Mè | D34: Phụ | O34: =COUNTIF(E34:N34,"X") -> 0 | P34: =COUNTIF(E34:N34,"X/2")/2 -> 0 | Q34: =SUM(O34:P34) -> 0 | R34: 270000 | S34: =Q34*R34 -> 0
A35: =A34+1 -> 32 | B35: Nguyễn Văn Chờ | D35: Thợ | O35: =COUNTIF(E35:N35,"X") -> 0 | P35: =COUNTIF(E35:N35,"X/2")/2 -> 0 | Q35: =SUM(O35:P35) -> 0 | R35: 360000 | S35: =Q35*R35 -> 0
A36: =A35+1 -> 33 | B36: Nguyễn Văn Châu | D36: Phụ | E36: x | F36: x | G36: x | O36: =COUNTIF(E36:N36,"X") -> 3 | P36: =COUNTIF(E36:N36,"X/2")/2 -> 0 | Q36: =SUM(O36:P36) -> 3 | R36: 280000 | S36: =Q36*R36 -> 840000
A37: =A36+1 -> 34 | B37: Lê Quốc Thịnh | D37: Phụ | O37: =COUNTIF(E37:N37,"X") -> 0 | P37: =COUNTIF(E37:N37,"X/2")/2 -> 0 | Q37: =SUM(O37:P37) -> 0 | R37: 260000 | S37: =Q37*R37 -> 0
A38: =A37+1 -> 35 | B38: Lê Văn Xết | D38: Thợ | E38: x | F38: x | G38: x | H38: x | I38: x | K38: x | L38: x | M38: x | O38: =COUNTIF(E38:N38,"X") -> 8 | P38: =COUNTIF(E38:N38,"X/2")/2 -> 0 | Q38: =SUM(O38:P38) -> 8 | R38: 360000 | S38: =Q38*R38 -> 2880000
A39: =A38+1 -> 36 | B39: Nguyễn Văn Thiệt | D39: Thợ | O39: =COUNTIF(E39:N39,"X") -> 0 | P39: =COUNTIF(E39:N39,"X/2")/2 -> 0 | Q39: =SUM(O39:P39) -> 0 | R39: 360000 | S39: =Q39*R39 -> 0
A40: =A39+1 -> 37 | B40: Huỳnh Văn Lý | D40: Phụ | E40: x | F40: x | G40: x | H40: x | I40: x | K40: x | L40: x | M40: x | O40: =COUNTIF(E40:N40,"X") -> 8 | P40: =COUNTIF(E40:N40,"X/2")/2 -> 0 | Q40: =SUM(O40:P40) -> 8 | R40: 260000 | S40: =Q40*R40 -> 2080000
A41: =A40+1 -> 38 | B41: Lê Việt Đa | D41: Thợ | O41: =COUNTIF(E41:N41,"X") -> 0 | P41: =COUNTIF(E41:N41,"X/2")/2 -> 0 | Q41: =SUM(O41:P41) -> 0 | R41: 370000 | S41: =Q41*R41 -> 0
A42: =A41+1 -> 39 | B42: Trần Văn Kỳ | D42: Phụ | O42: =COUNTIF(E42:N42,"X") -> 0 | P42: =COUNTIF(E42:N42,"X/2")/2 -> 0 | Q42: =SUM(O42:P42) -> 0 | R42: 270000 | S42: =Q42*R42 -> 0
A43: =A42+1 -> 40 | B43: Nguyễn Văn Bình | D43: Thợ | E43: x | F43: x | G43: x | I43: x | J43: x | K43: x | L43: x | M43: x | O43: =COUNTIF(E43:N43,"X") -> 8 | P43: =COUNTIF(E43:N43,"X/2")/2 -> 0 | Q43: =SUM(O43:P43) -> 8 | R43: 370000 | S43: =Q43*R43 -> 2960000
A44: =A43+1 -> 41 | B44: Tạ Thị Mỵ | D44: Phụ | E44: x | F44: x | G44: x | I44: x | J44: x | K44: x | L44: x | M44: x | O44: =COUNTIF(E44:N44,"X") -> 8 | P44: =COUNTIF(E44:N44,"X/2")/2 -> 0 | Q44: =SUM(O44:P44) -> 8 | R44: 270000 | S44: =Q44*R44 -> 2160000
A45: =A44+1 -> 42 | B45: Lê Văn Khải | D45: Phụ | O45: =COUNTIF(E45:N45,"X") -> 0 | P45: =COUNTIF(E45:N45,"X/2")/2 -> 0 | Q45: =SUM(O45:P45) -> 0 | R45: 270000 | S45: =Q45*R45 -> 0
A46: =A45+1 -> 43 | B46: Vương Thị Lý | D46: Phụ | O46: =COUNTIF(E46:N46,"X") -> 0 | P46: =COUNTIF(E46:N46,"X/2")/2 -> 0 | Q46: =SUM(O46:P46) -> 0 | R46: 270000 | S46: =Q46*R46 -> 0
A47: =A46+1 -> 44 | B47: Lê Thanh Sáng | D47: Thợ | E47: x | F47: x | G47: x | H47: x | I47: x | J47: x | K47: x | L47: x | M47: x | O47: =COUNTIF(E47:N47,"X") -> 9 | P47: =COUNTIF(E47:N47,"X/2")/2 -> 0 | Q47: =SUM(O47:P47) -> 9 | R47: 370000 | S47: =Q47*R47 -> 3330000
A48: =A47+1 -> 45 | B48: Nguyễn Văn Sa | D48: Thợ | E48: x | F48: x | G48: x | H48: x | I48: x | J48: x | K48: x | L48: x | M48: x | O48: =COUNTIF(E48:N48,"X") -> 9 | P48: =COUNTIF(E48:N48,"X/2")/2 -> 0 | Q48: =SUM(O48:P48) -> 9 | R48: 360000 | S48: =Q48*R48 -> 3240000
A49: =A48+1 -> 46 | B49: Trần Thị Thu | D49: Phụ | E49: x | F49: x | G49: x | H49: x | I49: x | K49: x | L49: x | M49: x | O49: =COUNTIF(E49:N49,"X") -> 8 | P49: =COUNTIF(E49:N49,"X/2")/2 -> 0 | Q49: =SUM(O49:P49) -> 8 | R49: 270000 | S49: =Q49*R49 -> 2160000
A50: =A49+1 -> 47 | B50: Ngô Văn Giỏi | D50: Phụ | O50: =COUNTIF(E50:N50,"X") -> 0 | P50: =COUNTIF(E50:N50,"X/2")/2 -> 0 | Q50: =SUM(O50:P50) -> 0 | R50: 270000 | S50: =Q50*R50 -> 0
A51: =A50+1 -> 48 | B51: Hồ Thanh Giãn | D51: Thợ | E51: x | F51: x | G51: x | H51: x | I51: x | O51: =COUNTIF(E51:N51,"X") -> 5 | P51: =COUNTIF(E51:N51,"X/2")/2 -> 0 | Q51: =SUM(O51:P51) -> 5 | R51: 360000 | S51: =Q51*R51 -> 1800000
A52: =A51+1 -> 49 | B52: Phạm Tấn Phong | D52: Thợ | O52: =COUNTIF(E52:N52,"X") -> 0 | P52: =COUNTIF(E52:N52,"X/2")/2 -> 0 | Q52: =SUM(O52:P52) -> 0 | R52: 360000 | S52: =Q52*R52 -> 0
A53: =A52+1 -> 50 | B53: Nguyễn Hồng Lẹ | D53: Phụ | O53: =COUNTIF(E53:N53,"X") -> 0 | P53: =COUNTIF(E53:N53,"X/2")/2 -> 0 | Q53: =SUM(O53:P53) -> 0 | R53: 270000 | S53: =Q53*R53 -> 0
A54: =A53+1 -> 51 | B54: Đỗ Ngọc Thảo | D54: Phụ | E54: x/2 | F54: x | G54: x | H54: x | I54: x | J54: x | K54: x | L54: x | M54: x | N54: x | O54: =COUNTIF(E54:N54,"X") -> 9 | P54: =COUNTIF(E54:N54,"X/2")/2 -> 0.5 | Q54: =SUM(O54:P54) -> 9.5 | R54: 270000 | S54: =Q54*R54 -> 2565000
A55: =A54+1 -> 52 | B55: Cao Nhựt Khanh | D55: Phụ | O55: =COUNTIF(E55:N55,"X") -> 0 | P55: =COUNTIF(E55:N55,"X/2")/2 -> 0 | Q55: =SUM(O55:P55) -> 0 | R55: 270000 | S55: =Q55*R55 -> 0
A56: =A55+1 -> 53 | B56: Lê Trọng Thật | D56: Phụ | E56: x | F56: x | G56: x | H56: x | O56: =COUNTIF(E56:N56,"X") -> 4 | P56: =COUNTIF(E56:N56,"X/2")/2 -> 0 | Q56: =SUM(O56:P56) -> 4 | R56: 280000 | S56: =Q56*R56 -> 1120000
A57: =A56+1 -> 54 | B57: Nguyễn Thị Lệ | D57: Phụ | O57: =COUNTIF(E57:N57,"X") -> 0 | P57: =COUNTIF(E57:N57,"X/2")/2 -> 0 | Q57: =SUM(O57:P57) -> 0 | R57: 270000 | S57: =Q57*R57 -> 0
A58: =A57+1 -> 55 | B58: Nguyễn Văn Mừng | D58: Thợ | O58: =COUNTIF(E58:N58,"X") -> 0 | P58: =COUNTIF(E58:N58,"X/2")/2 -> 0 | Q58: =SUM(O58:P58) -> 0 | R58: 360000 | S58: =Q58*R58 -> 0
A59: =A58+1 -> 56 | B59: Lê Hữu Minh | D59: Phụ | O59: =COUNTIF(E59:N59,"X") -> 0 | P59: =COUNTIF(E59:N59,"X/2")/2 -> 0 | Q59: =SUM(O59:P59) -> 0 | R59: 270000 | S59: =Q59*R59 -> 0
A60: =A59+1 -> 57 | B60: Đặng Hoàng Đông | D60: Phụ | O60: =COUNTIF(E60:N60,"X") -> 0 | P60: =COUNTIF(E60:N60,"X/2")/2 -> 0 | Q60: =SUM(O60:P60) -> 0 | R60: 260000 | S60: =Q60*R60 -> 0
A61: =A60+1 -> 58 | B61: Nguyễn Văn Chín | D61: Thợ | O61: =COUNTIF(E61:N61,"X") -> 0 | P61: =COUNTIF(E61:N61,"X/2")/2 -> 0 | Q61: =SUM(O61:P61) -> 0 | R61: 360000 | S61: =Q61*R61 -> 0
A62: =A61+1 -> 59 | B62: Ngô Văn Cộp | D62: Phụ | E62: x | F62: x | G62: x | H62: x | I62: x | K62: x | L62: x | O62: =COUNTIF(E62:N62,"X") -> 7 | P62: =COUNTIF(E62:N62,"X/2")/2 -> 0 | Q62: =SUM(O62:P62) -> 7 | R62: 260000 | S62: =Q62*R62 -> 1820000
A63: =A62+1 -> 60 | B63: Đỗ Văn Liếu | D63: Phụ | O63: =COUNTIF(E63:N63,"X") -> 0 | P63: =COUNTIF(E63:N63,"X/2")/2 -> 0 | Q63: =SUM(O63:P63) -> 0 | R63: 260000 | S63: =Q63*R63 -> 0
A64: =A63+1 -> 61 | B64: Nguyễn Văn Biết | D64: Thợ | E64: x | F64: x | G64: x | H64: x | I64: x | J64: x | K64: x | L64: x | M64: x | O64: =COUNTIF(E64:N64,"X") -> 9 | P64: =COUNTIF(E64:N64,"X/2")/2 -> 0 | Q64: =SUM(O64:P64) -> 9 | R64: 360000 | S64: =Q64*R64 -> 3240000
A65: =A64+1 -> 62 | B65: Võ Văn Nguyện | D65: Phụ | O65: =COUNTIF(E65:N65,"X") -> 0 | P65: =COUNTIF(E65:N65,"X/2")/2 -> 0 | Q65: =SUM(O65:P65) -> 0 | R65: 260000 | S65: =Q65*R65 -> 0
A66: =A65+1 -> 63 | B66: Nguyễn Văn Lẵm | D66: Thợ | E66: x | F66: x | G66: x | H66: x | I66: x | J66: x | K66: x | L66: x | M66: x | O66: =COUNTIF(E66:N66,"X") -> 9 | P66: =COUNTIF(E66:N66,"X/2")/2 -> 0 | Q66: =SUM(O66:P66) -> 9 | R66: 360000 | S66: =Q66*R66 -> 3240000
A67: =A66+1 -> 64 | B67: Huỳnh Văn Cường | D67: Phụ | O67: =COUNTIF(E67:N67,"X") -> 0 | P67: =COUNTIF(E67:N67,"X/2")/2 -> 0 | Q67: =SUM(O67:P67) -> 0 | R67: 260000 | S67: =Q67*R67 -> 0
A68: =A67+1 -> 65 | B68: Trần Thị Thanh Thúy | D68: Phụ | O68: =COUNTIF(E68:N68,"X") -> 0 | P68: =COUNTIF(E68:N68,"X/2")/2 -> 0 | Q68: =SUM(O68:P68) -> 0 | R68: 260000 | S68: =Q68*R68 -> 0
A69: =A68+1 -> 66 | B69: Nguyễn Văn Xuyên | D69: Phụ | O69: =COUNTIF(E69:N69,"X") -> 0 | P69: =COUNTIF(E69:N69,"X/2")/2 -> 0 | Q69: =SUM(O69:P69) -> 0 | R69: 270000 | S69: =Q69*R69 -> 0
A70: =A69+1 -> 67 | B70: Nguyễn Thành Công | D70: Thợ | E70: x | F70: x | G70: x | H70: x | I70: x | J70: x | K70: x | L70: x | M70: x | O70: =COUNTIF(E70:N70,"X") -> 9 | P70: =COUNTIF(E70:N70,"X/2")/2 -> 0 | Q70: =SUM(O70:P70) -> 9 | R70: 360000 | S70: =Q70*R70 -> 3240000
A71: =A70+1 -> 68 | B71: Mai Văn Liến | D71: Thợ | O71: =COUNTIF(E71:N71,"X") -> 0 | P71: =COUNTIF(E71:N71,"X/2")/2 -> 0 | Q71: =SUM(O71:P71) -> 0 | R71: 360000 | S71: =Q71*R71 -> 0
A72: =A71+1 -> 69 | B72: Trương Hoàng Khang | D72: Phụ | O72: =COUNTIF(E72:N72,"X") -> 0 | P72: =COUNTIF(E72:N72,"X/2")/2 -> 0 | Q72: =SUM(O72:P72) -> 0 | R72: 260000 | S72: =Q72*R72 -> 0
A73: =A72+1 -> 70 | B73: Nguyễn Văn Chánh | D73: Thợ | O73: =COUNTIF(E73:N73,"X") -> 0 | P73: =COUNTIF(E73:N73,"X/2")/2 -> 0 | Q73: =SUM(O73:P73) -> 0 | R73: 360000 | S73: =Q73*R73 -> 0
A74: =A73+1 -> 71 | B74: Nguyễn Trường Khoa | D74: Phụ | O74: =COUNTIF(E74:N74,"X") -> 0 | P74: =COUNTIF(E74:N74,"X/2")/2 -> 0 | Q74: =SUM(O74:P74) -> 0 | R74: 260000 | S74: =Q74*R74 -> 0
A75: =A74+1 -> 72 | B75: Lê Nguyễn Nhân Quý | D75: Phụ | O75: =COUNTIF(E75:N75,"X") -> 0 | P75: =COUNTIF(E75:N75,"X/2")/2 -> 0 | Q75: =SUM(O75:P75) -> 0 | R75: 260000 | S75: =Q75*R75 -> 0
A76: =A75+1 -> 73 | B76: A Phong | D76: Thợ | G76: x | H76: x/2 | I76: x | J76: x/2 | K76: x/2 | L76: x | M76: x | N76: x | O76: =COUNTIF(E76:N76,"X") -> 5 | P76: =COUNTIF(E76:N76,"X/2")/2 -> 1.5 | Q76: =SUM(O76:P76) -> 6.5 | R76: 400000 | S76: =Q76*R76 -> 2600000 | T76: 2500000
A77: =A76+1 -> 74 | B77: Phan Văn Bình | D77: Phụ | K77: x | L77: x | M77: x | O77: =COUNTIF(E77:N77,"X") -> 3 | P77: =COUNTIF(E77:N77,"X/2")/2 -> 0 | Q77: =SUM(O77:P77) -> 3 | R77: 270000 | S77: =Q77*R77 -> 810000
E81: =SUBTOTAL(103,E4:E75) -> 34 | F81: =SUBTOTAL(103,F4:F75) -> 36 | G81: =SUBTOTAL(103,G4:G75) -> 35 | H81: =SUBTOTAL(103,H4:H75) -> 31 | I81: =SUBTOTAL(103,I4:I75) -> 32 | J81: =SUBTOTAL(103,J4:J75) -> 22 | K81: =SUBTOTAL(103,K4:K75) -> 32 | L81: =SUBTOTAL(103,L4:L75) -> 34 | ... O81: =SUBTOTAL(103,O4:O75) -> 72 | P81: =SUBTOTAL(103,P4:P27) -> 24 | Q81: =SUBTOTAL(103,Q4:Q27) -> 24 | R81: =SUBTOTAL(103,R4:R80) -> 74 | S81: =SUBTOTAL(109,S4:S77) -> 103600000 | T81: =SUBTOTAL(109,T4:T80) -> 7800000
T82: =S81-T81 -> 95800000
T83: =T82-S82 -> 95800000

Sheet 8
A1: BẢNG LƯƠNG (từ 1-10.T5/2026)
A2: STT | B2: HỌ TÊN | C2: GHI CHÚ | D2: CV | E2: 1 | F2: =E2+1 -> 2 | G2: =F2+1 -> 3 | H2: =G2+1 -> 4 | I2: =H2+1 -> 5 | J2: =I2+1 -> 6 | K2: =J2+1 -> 7 | L2: =K2+1 -> 8 | M2: =L2+1 -> 9 | N2: =M2+1 -> 10 | O2: Đủ công | P2: Nửa công | Q2: TC | R2: Lương/ngày | S2: Tổng lương | T2: Ký nhận
E3: T6 | F3: T7 | G3: CN | H3: T2 | I3: T3 | J3: T4 | K3: T5 | L3: T6 | M3: T7 | N3: CN
A4: 1 | B4: A Lâm | C4: =SUBTOTAL(103,C5:C22) -> 15 | D4: ĐT | F4: x | G4: x | H4: x | I4: x | J4: x | K4: x | L4: x | M4: x | N4: x | O4: =COUNTIF(E4:N4,"X") -> 9 | P4: =COUNTIF(E4:I4,"X/2")/2 -> 0 | Q4: =SUM(O4:P4) -> 9 | R4: 550000 | S4: =Q4*R4 -> 4950000 | T4: 1500000
A5: 2 | B5: Nguyễn Tấn Tài | C5: Có CCCD gửi cty Hưng Long | D5: Thợ | F5: x | G5: x | H5: x | I5: x | J5: x | K5: x | L5: x | M5: x | N5: x | O5: =COUNTIF(E5:N5,"X") -> 9 | P5: =COUNTIF(E5:N5,"X/2")/2 -> 0 | Q5: =SUM(O5:P5) -> 9 | R5: 380000 | S5: =Q5*R5 -> 3420000
A6: 3 | B6: Mai Văn Đời | C6: Có hình CCCD | D6: Thợ | F6: x | H6: x | I6: x | J6: x | K6: x | O6: =COUNTIF(E6:N6,"X") -> 5 | P6: =COUNTIF(E6:N6,"X/2")/2 -> 0 | Q6: =SUM(O6:P6) -> 5 | R6: 370000 | S6: =Q6*R6 -> 1850000
A7: =A6+1 -> 4 | B7: Nguyễn Văn Đấu | C7: Có CCCD gửi cty Hưng Long | D7: Thợ | F7: x | I7: x | J7: x | L7: x | M7: x | O7: =COUNTIF(E7:N7,"X") -> 5 | P7: =COUNTIF(E7:N7,"X/2")/2 -> 0 | Q7: =SUM(O7:P7) -> 5 | R7: 370000 | S7: =Q7*R7 -> 1850000
A8: =A7+1 -> 5 | B8: Huỳnh Thanh Tùng | C8: Có hình CCCD | D8: Thợ ép | F8: x | G8: x | H8: x | I8: x | J8: x | M8: x | N8: x | O8: =COUNTIF(E8:N8,"X") -> 7 | P8: =COUNTIF(E8:N8,"X/2")/2 -> 0 | Q8: =SUM(O8:P8) -> 7 | R8: 350000 | S8: =Q8*R8 -> 2450000
A9: =A8+1 -> 6 | B9: Nguyễn Hoàng Vũ | C9: Có CCCD gửi cty Hưng Long | D9: Phụ | G9: x | H9: x | I9: x | J9: x | K9: x | L9: x | M9: x | N9: x | O9: =COUNTIF(E9:N9,"X") -> 8 | P9: =COUNTIF(E9:N9,"X/2")/2 -> 0 | Q9: =SUM(O9:P9) -> 8 | R9: 350000 | S9: =Q9*R9 -> 2800000 | T9: 350000
A10: =A9+1 -> 7 | B10: Nguyễn Văn Phong | C10: Có hình CCCD | D10: Phụ | F10: x | G10: x | H10: x | I10: x | J10: x | K10: x | L10: x | M10: x | N10: x | O10: =COUNTIF(E10:N10,"X") -> 9 | P10: =COUNTIF(E10:N10,"X/2")/2 -> 0 | Q10: =SUM(O10:P10) -> 9 | R10: 300000 | S10: =Q10*R10 -> 2700000
A11: =A10+1 -> 8 | B11: Nguyễn Công Thức | C11: Có CCCD gửi cty Hưng Long | D11: Phụ | F11: x | G11: x | H11: x | I11: x | J11: x | K11: x | L11: x | M11: x | N11: x | O11: =COUNTIF(E11:N11,"X") -> 9 | P11: =COUNTIF(E11:N11,"X/2")/2 -> 0 | Q11: =SUM(O11:P11) -> 9 | R11: 360000 | S11: =Q11*R11 -> 3240000
A12: =A11+1 -> 9 | B12: Nguyễn Tấn Lợi | C12: Có hình CCCD | D12: Thợ | O12: =COUNTIF(E12:N12,"X") -> 0 | P12: =COUNTIF(E12:N12,"X/2")/2 -> 0 | Q12: =SUM(O12:P12) -> 0 | R12: 400000 | S12: =Q12*R12 -> 0
A13: 10 | B13: Mai Văn Bảy | C13: Có hình CCCD | D13: Phụ | O13: =COUNTIF(E13:N13,"X") -> 0 | P13: =COUNTIF(E13:N13,"X/2")/2 -> 0 | Q13: =SUM(O13:P13) -> 0 | R13: 280000 | S13: =Q13*R13 -> 0
A14: =A13+1 -> 11 | B14: Huỳnh Chí Linh | C14: Có hình CCCD | D14: Thợ | G14: x | H14: x | I14: x | J14: x | K14: x | L14: x | M14: x | N14: x | O14: =COUNTIF(E14:N14,"X") -> 8 | P14: =COUNTIF(E14:N14,"X/2")/2 -> 0 | Q14: =SUM(O14:P14) -> 8 | R14: 400000 | S14: =Q14*R14 -> 3200000
A15: =A14+1 -> 12 | B15: Nguyễn Văn Yêm | D15: Thợ | F15: x | G15: x | H15: x | I15: x | J15: x | K15: x | L15: x | M15: x | O15: =COUNTIF(E15:N15,"X") -> 8 | P15: =COUNTIF(E15:N15,"X/2")/2 -> 0 | Q15: =SUM(O15:P15) -> 8 | R15: 390000 | S15: =Q15*R15 -> 3120000
A16: =A15+1 -> 13 | B16: Nguyễn Thanh Tùng | C16: Có CCCD gửi cty Hưng Long | D16: Thợ | F16: x | G16: x | H16: x | I16: x | J16: x | K16: x | L16: x | M16: x | N16: x | O16: =COUNTIF(E16:N16,"X") -> 9 | P16: =COUNTIF(E16:N16,"X/2")/2 -> 0 | Q16: =SUM(O16:P16) -> 9 | R16: 370000 | S16: =Q16*R16 -> 3330000
A17: =A16+1 -> 14 | B17: Nguyễn Văn Mười | D17: Thợ | O17: =COUNTIF(E17:N17,"X") -> 0 | P17: =COUNTIF(E17:N17,"X/2")/2 -> 0 | Q17: =SUM(O17:P17) -> 0 | R17: 360000 | S17: =Q17*R17 -> 0
A18: =A17+1 -> 15 | B18: Phạm Văn Kiệt | C18: Có CCCD gửi cty Hưng Long | D18: Thợ | F18: x | G18: x | H18: x | I18: x | J18: x | K18: x | L18: x | M18: x | N18: x | O18: =COUNTIF(E18:N18,"X") -> 9 | P18: =COUNTIF(E18:N18,"X/2")/2 -> 0 | Q18: =SUM(O18:P18) -> 9 | R18: 380000 | S18: =Q18*R18 -> 3420000
A19: =A18+1 -> 16 | B19: Trương Văn Thông | C19: Có CCCD gửi cty Hưng Long | D19: Phụ | O19: =COUNTIF(E19:N19,"X") -> 0 | P19: =COUNTIF(E19:N19,"X/2")/2 -> 0 | Q19: =SUM(O19:P19) -> 0 | R19: 270000 | S19: =Q19*R19 -> 0
A20: =A19+1 -> 17 | B20: Võ Hoàng Nam | C20: Có CCCD gửi cty Hưng Long | D20: Thợ | F20: x | H20: x | I20: x | J20: x | K20: x | L20: x | M20: x | O20: =COUNTIF(E20:N20,"X") -> 7 | P20: =COUNTIF(E20:N20,"X/2")/2 -> 0 | Q20: =SUM(O20:P20) -> 7 | R20: 380000 | S20: =Q20*R20 -> 2660000
A21: =A20+1 -> 18 | B21: Trần Thanh Sơn | C21: Có CCCD gửi cty Hưng Long | D21: Thợ | F21: x | H21: x | I21: x | J21: x | O21: =COUNTIF(E21:N21,"X") -> 4 | P21: =COUNTIF(E21:N21,"X/2")/2 -> 0 | Q21: =SUM(O21:P21) -> 4 | R21: 370000 | S21: =Q21*R21 -> 1480000
A22: =A21+1 -> 19 | B22: Đinh Văn Thống | D22: Phụ | F22: x | G22: x | H22: x | I22: x | J22: x | K22: x | L22: x | M22: x | N22: x | O22: =COUNTIF(E22:N22,"X") -> 9 | P22: =COUNTIF(E22:N22,"X/2")/2 -> 0 | Q22: =SUM(O22:P22) -> 9 | R22: 280000 | S22: =Q22*R22 -> 2520000
A23: =A22+1 -> 20 | B23: Lê Vũ Linh | D23: Thợ | F23: x | G23: x | H23: x | I23: x | J23: x | K23: x | L23: x | M23: x | N23: x | O23: =COUNTIF(E23:N23,"X") -> 9 | P23: =COUNTIF(E23:N23,"X/2")/2 -> 0 | Q23: =SUM(O23:P23) -> 9 | R23: 380000 | S23: =Q23*R23 -> 3420000
A24: =A23+1 -> 21 | B24: Nguyễn Thị Cười | D24: Thợ | F24: x | G24: x | H24: x | I24: x | J24: x | K24: x | L24: x | M24: x | N24: x | O24: =COUNTIF(E24:N24,"X") -> 9 | P24: =COUNTIF(E24:N24,"X/2")/2 -> 0 | Q24: =SUM(O24:P24) -> 9 | R24: 280000 | S24: =Q24*R24 -> 2520000
A25: =A24+1 -> 22 | B25: Huỳnh Thanh Xuân | D25: Phụ | O25: =COUNTIF(E25:N25,"X") -> 0 | P25: =COUNTIF(E25:N25,"X/2")/2 -> 0 | Q25: =SUM(O25:P25) -> 0 | R25: 270000 | S25: =Q25*R25 -> 0
A26: =A25+1 -> 23 | B26: Lâm Hữu Phước | D26: Phụ | F26: x | G26: x | H26: x | I26: x | J26: x | L26: x | M26: x | N26: x | O26: =COUNTIF(E26:N26,"X") -> 8 | P26: =COUNTIF(E26:N26,"X/2")/2 -> 0 | Q26: =SUM(O26:P26) -> 8 | R26: 280000 | S26: =Q26*R26 -> 2240000
A27: =A26+1 -> 24 | B27: Nguyễn Văn Phao | D27: Thợ | O27: =COUNTIF(E27:N27,"X") -> 0 | P27: =COUNTIF(E27:N27,"X/2")/2 -> 0 | Q27: =SUM(O27:P27) -> 0 | R27: 370000 | S27: =Q27*R27 -> 0
A28: 25 | B28: Lâm Kỳ Phi | D28: Thợ | F28: x | G28: x | H28: x | I28: x | J28: x | L28: x | M28: x | O28: =COUNTIF(E28:N28,"X") -> 7 | P28: =COUNTIF(E28:N28,"X/2")/2 -> 0 | Q28: =SUM(O28:P28) -> 7 | R28: 400000 | S28: =Q28*R28 -> 2800000 | T28: 2400000
A29: =A28+1 -> 26 | B29: Trần Thanh Phong | D29: Thợ | F29: x | H29: x | I29: x | J29: x | K29: x | L29: x | N29: x | O29: =COUNTIF(E29:N29,"X") -> 7 | P29: =COUNTIF(E29:N29,"X/2")/2 -> 0 | Q29: =SUM(O29:P29) -> 7 | R29: 370000 | S29: =Q29*R29 -> 2590000 | T29: 370000
A30: =A29+1 -> 27 | B30: Trịnh Văn Phước | D30: Thợ | O30: =COUNTIF(E30:N30,"X") -> 0 | P30: =COUNTIF(E30:N30,"X/2")/2 -> 0 | Q30: =SUM(O30:P30) -> 0 | R30: 380000 | S30: =Q30*R30 -> 0
A31: =A30+1 -> 28 | B31: Nguyễn Văn Liễu | D31: Thợ | F31: x | G31: x | H31: x | I31: x | J31: x | K31: x | L31: x | M31: x | N31: x | O31: =COUNTIF(E31:N31,"X") -> 9 | P31: =COUNTIF(E31:N31,"X/2")/2 -> 0 | Q31: =SUM(O31:P31) -> 9 | R31: 360000 | S31: =Q31*R31 -> 3240000
A32: =A31+1 -> 29 | B32: Nguyễn Quốc Thiện | D32: Phụ | O32: =COUNTIF(E32:N32,"X") -> 0 | P32: =COUNTIF(E32:N32,"X/2")/2 -> 0 | Q32: =SUM(O32:P32) -> 0 | R32: 280000 | S32: =Q32*R32 -> 0
A33: =A32+1 -> 30 | B33: Nguyễn Văn Cường | D33: Thợ | O33: =COUNTIF(E33:N33,"X") -> 0 | P33: =COUNTIF(E33:N33,"X/2")/2 -> 0 | Q33: =SUM(O33:P33) -> 0 | R33: 370000 | S33: =Q33*R33 -> 0
A34: =A33+1 -> 31 | B34: Nguyễn Thu Mè | D34: Phụ | O34: =COUNTIF(E34:N34,"X") -> 0 | P34: =COUNTIF(E34:N34,"X/2")/2 -> 0 | Q34: =SUM(O34:P34) -> 0 | R34: 270000 | S34: =Q34*R34 -> 0
A35: =A34+1 -> 32 | B35: Nguyễn Văn Chờ | D35: Thợ | O35: =COUNTIF(E35:N35,"X") -> 0 | P35: =COUNTIF(E35:N35,"X/2")/2 -> 0 | Q35: =SUM(O35:P35) -> 0 | R35: 360000 | S35: =Q35*R35 -> 0
A36: =A35+1 -> 33 | B36: Nguyễn Văn Châu | D36: Phụ | F36: x | G36: x | J36: x | K36: x | L36: x | M36: x | O36: =COUNTIF(E36:N36,"X") -> 6 | P36: =COUNTIF(E36:N36,"X/2")/2 -> 0 | Q36: =SUM(O36:P36) -> 6 | R36: 280000 | S36: =Q36*R36 -> 1680000
A37: =A36+1 -> 34 | B37: Lê Quốc Thịnh | D37: Phụ | O37: =COUNTIF(E37:N37,"X") -> 0 | P37: =COUNTIF(E37:N37,"X/2")/2 -> 0 | Q37: =SUM(O37:P37) -> 0 | R37: 260000 | S37: =Q37*R37 -> 0
A38: =A37+1 -> 35 | B38: Lê Văn Xết | D38: Thợ | F38: x | G38: x | H38: x | I38: x | J38: x | K38: x | L38: x | M38: x | N38: x | O38: =COUNTIF(E38:N38,"X") -> 9 | P38: =COUNTIF(E38:N38,"X/2")/2 -> 0 | Q38: =SUM(O38:P38) -> 9 | R38: 360000 | S38: =Q38*R38 -> 3240000
A39: =A38+1 -> 36 | B39: Nguyễn Văn Thiệt | D39: Thợ | O39: =COUNTIF(E39:N39,"X") -> 0 | P39: =COUNTIF(E39:N39,"X/2")/2 -> 0 | Q39: =SUM(O39:P39) -> 0 | R39: 360000 | S39: =Q39*R39 -> 0
A40: =A39+1 -> 37 | B40: Huỳnh Văn Lý | D40: Phụ | F40: x | G40: x | H40: x | I40: x | J40: x | L40: x | M40: x | N40: x | O40: =COUNTIF(E40:N40,"X") -> 8 | P40: =COUNTIF(E40:N40,"X/2")/2 -> 0 | Q40: =SUM(O40:P40) -> 8 | R40: 260000 | S40: =Q40*R40 -> 2080000
A41: =A40+1 -> 38 | B41: Lê Việt Đa | D41: Thợ | O41: =COUNTIF(E41:N41,"X") -> 0 | P41: =COUNTIF(E41:N41,"X/2")/2 -> 0 | Q41: =SUM(O41:P41) -> 0 | R41: 370000 | S41: =Q41*R41 -> 0
A42: =A41+1 -> 39 | B42: Trần Văn Kỳ | D42: Phụ | O42: =COUNTIF(E42:N42,"X") -> 0 | P42: =COUNTIF(E42:N42,"X/2")/2 -> 0 | Q42: =SUM(O42:P42) -> 0 | R42: 270000 | S42: =Q42*R42 -> 0
A43: =A42+1 -> 40 | B43: Nguyễn Văn Bình | D43: Thợ | F43: x | G43: x | H43: x | I43: x | J43: x | K43: x | L43: x | M43: x | N43: x | O43: =COUNTIF(E43:N43,"X") -> 9 | P43: =COUNTIF(E43:N43,"X/2")/2 -> 0 | Q43: =SUM(O43:P43) -> 9 | R43: 370000 | S43: =Q43*R43 -> 3330000
A44: =A43+1 -> 41 | B44: Tạ Thị Mỵ | D44: Phụ | F44: x | G44: x | H44: x | I44: x | J44: x | K44: x | L44: x | M44: x | N44: x | O44: =COUNTIF(E44:N44,"X") -> 9 | P44: =COUNTIF(E44:N44,"X/2")/2 -> 0 | Q44: =SUM(O44:P44) -> 9 | R44: 270000 | S44: =Q44*R44 -> 2430000
A45: =A44+1 -> 42 | B45: Lê Văn Khải | D45: Phụ | O45: =COUNTIF(E45:N45,"X") -> 0 | P45: =COUNTIF(E45:N45,"X/2")/2 -> 0 | Q45: =SUM(O45:P45) -> 0 | R45: 270000 | S45: =Q45*R45 -> 0
A46: =A45+1 -> 43 | B46: Vương Thị Lý | D46: Phụ | O46: =COUNTIF(E46:N46,"X") -> 0 | P46: =COUNTIF(E46:N46,"X/2")/2 -> 0 | Q46: =SUM(O46:P46) -> 0 | R46: 270000 | S46: =Q46*R46 -> 0
A47: =A46+1 -> 44 | B47: Lê Thanh Sáng | D47: Thợ | F47: x | G47: x | H47: x | I47: x | J47: x | K47: x | L47: x | M47: x | N47: x | O47: =COUNTIF(E47:N47,"X") -> 9 | P47: =COUNTIF(E47:N47,"X/2")/2 -> 0 | Q47: =SUM(O47:P47) -> 9 | R47: 370000 | S47: =Q47*R47 -> 3330000
A48: =A47+1 -> 45 | B48: Nguyễn Văn Sa | D48: Thợ | F48: x | G48: x | H48: x | I48: x | J48: x | K48: x | L48: x | M48: x | N48: x | O48: =COUNTIF(E48:N48,"X") -> 9 | P48: =COUNTIF(E48:N48,"X/2")/2 -> 0 | Q48: =SUM(O48:P48) -> 9 | R48: 360000 | S48: =Q48*R48 -> 3240000
A49: =A48+1 -> 46 | B49: Trần Thị Thu | D49: Phụ | F49: x | G49: x | H49: x | I49: x | J49: x | K49: x | L49: x | M49: x | N49: x | O49: =COUNTIF(E49:N49,"X") -> 9 | P49: =COUNTIF(E49:N49,"X/2")/2 -> 0 | Q49: =SUM(O49:P49) -> 9 | R49: 270000 | S49: =Q49*R49 -> 2430000
A50: =A49+1 -> 47 | B50: Ngô Văn Giỏi | D50: Phụ | O50: =COUNTIF(E50:N50,"X") -> 0 | P50: =COUNTIF(E50:N50,"X/2")/2 -> 0 | Q50: =SUM(O50:P50) -> 0 | R50: 270000 | S50: =Q50*R50 -> 0
A51: =A50+1 -> 48 | B51: Hồ Thanh Giãn | D51: Thợ | O51: =COUNTIF(E51:N51,"X") -> 0 | P51: =COUNTIF(E51:N51,"X/2")/2 -> 0 | Q51: =SUM(O51:P51) -> 0 | R51: 360000 | S51: =Q51*R51 -> 0
A52: =A51+1 -> 49 | B52: Phạm Tấn Phong | D52: Thợ | O52: =COUNTIF(E52:N52,"X") -> 0 | P52: =COUNTIF(E52:N52,"X/2")/2 -> 0 | Q52: =SUM(O52:P52) -> 0 | R52: 360000 | S52: =Q52*R52 -> 0
A53: =A52+1 -> 50 | B53: Nguyễn Hồng Lẹ | D53: Phụ | O53: =COUNTIF(E53:N53,"X") -> 0 | P53: =COUNTIF(E53:N53,"X/2")/2 -> 0 | Q53: =SUM(O53:P53) -> 0 | R53: 270000 | S53: =Q53*R53 -> 0
A54: =A53+1 -> 51 | B54: Đỗ Ngọc Thảo | D54: Phụ | F54: x | G54: x | H54: x | I54: x | L54: x | M54: x | N54: x | O54: =COUNTIF(E54:N54,"X") -> 7 | P54: =COUNTIF(E54:N54,"X/2")/2 -> 0 | Q54: =SUM(O54:P54) -> 7 | R54: 270000 | S54: =Q54*R54 -> 1890000 | T54: 270000
A55: =A54+1 -> 52 | B55: Cao Nhựt Khanh | D55: Phụ | O55: =COUNTIF(E55:N55,"X") -> 0 | P55: =COUNTIF(E55:N55,"X/2")/2 -> 0 | Q55: =SUM(O55:P55) -> 0 | R55: 270000 | S55: =Q55*R55 -> 0
A56: =A55+1 -> 53 | B56: Lê Trọng Thật | D56: Phụ | F56: x | G56: x | H56: x | M56: x | N56: x/2 | O56: =COUNTIF(E56:N56,"X") -> 4 | P56: =COUNTIF(E56:N56,"X/2")/2 -> 0.5 | Q56: =SUM(O56:P56) -> 4.5 | R56: 280000 | S56: =Q56*R56 -> 1260000
A57: =A56+1 -> 54 | B57: Nguyễn Thị Lệ | D57: Phụ | O57: =COUNTIF(E57:N57,"X") -> 0 | P57: =COUNTIF(E57:N57,"X/2")/2 -> 0 | Q57: =SUM(O57:P57) -> 0 | R57: 270000 | S57: =Q57*R57 -> 0
A58: =A57+1 -> 55 | B58: Nguyễn Văn Mừng | D58: Thợ | O58: =COUNTIF(E58:N58,"X") -> 0 | P58: =COUNTIF(E58:N58,"X/2")/2 -> 0 | Q58: =SUM(O58:P58) -> 0 | R58: 360000 | S58: =Q58*R58 -> 0
A59: =A58+1 -> 56 | B59: Lê Hữu Minh | D59: Phụ | O59: =COUNTIF(E59:N59,"X") -> 0 | P59: =COUNTIF(E59:N59,"X/2")/2 -> 0 | Q59: =SUM(O59:P59) -> 0 | R59: 270000 | S59: =Q59*R59 -> 0
A60: =A59+1 -> 57 | B60: Đặng Hoàng Đông | D60: Phụ | O60: =COUNTIF(E60:N60,"X") -> 0 | P60: =COUNTIF(E60:N60,"X/2")/2 -> 0 | Q60: =SUM(O60:P60) -> 0 | R60: 260000 | S60: =Q60*R60 -> 0
A61: =A60+1 -> 58 | B61: Nguyễn Văn Chín | D61: Thợ | O61: =COUNTIF(E61:N61,"X") -> 0 | P61: =COUNTIF(E61:N61,"X/2")/2 -> 0 | Q61: =SUM(O61:P61) -> 0 | R61: 360000 | S61: =Q61*R61 -> 0
A62: =A61+1 -> 59 | B62: Ngô Văn Cộp | D62: Phụ | O62: =COUNTIF(E62:N62,"X") -> 0 | P62: =COUNTIF(E62:N62,"X/2")/2 -> 0 | Q62: =SUM(O62:P62) -> 0 | R62: 260000 | S62: =Q62*R62 -> 0
A63: =A62+1 -> 60 | B63: Đỗ Văn Liếu | D63: Phụ | O63: =COUNTIF(E63:N63,"X") -> 0 | P63: =COUNTIF(E63:N63,"X/2")/2 -> 0 | Q63: =SUM(O63:P63) -> 0 | R63: 260000 | S63: =Q63*R63 -> 0
A64: =A63+1 -> 61 | B64: Nguyễn Văn Biết | D64: Thợ | F64: x | G64: x | H64: x | I64: x | J64: x | K64: x | L64: x | M64: x | O64: =COUNTIF(E64:N64,"X") -> 8 | P64: =COUNTIF(E64:N64,"X/2")/2 -> 0 | Q64: =SUM(O64:P64) -> 8 | R64: 370000 | S64: =Q64*R64 -> 2960000
A65: =A64+1 -> 62 | B65: Võ Văn Nguyện | D65: Phụ | O65: =COUNTIF(E65:N65,"X") -> 0 | P65: =COUNTIF(E65:N65,"X/2")/2 -> 0 | Q65: =SUM(O65:P65) -> 0 | R65: 260000 | S65: =Q65*R65 -> 0
A66: =A65+1 -> 63 | B66: Nguyễn Văn Lẵm | D66: Thợ | F66: x | G66: x | H66: x | I66: x | J66: x | K66: x | L66: x | M66: x | O66: =COUNTIF(E66:N66,"X") -> 8 | P66: =COUNTIF(E66:N66,"X/2")/2 -> 0 | Q66: =SUM(O66:P66) -> 8 | R66: 360000 | S66: =Q66*R66 -> 2880000
A67: =A66+1 -> 64 | B67: Huỳnh Văn Cường | D67: Phụ | O67: =COUNTIF(E67:N67,"X") -> 0 | P67: =COUNTIF(E67:N67,"X/2")/2 -> 0 | Q67: =SUM(O67:P67) -> 0 | R67: 260000 | S67: =Q67*R67 -> 0
A68: =A67+1 -> 65 | B68: Trần Thị Thanh Thúy | D68: Phụ | O68: =COUNTIF(E68:N68,"X") -> 0 | P68: =COUNTIF(E68:N68,"X/2")/2 -> 0 | Q68: =SUM(O68:P68) -> 0 | R68: 260000 | S68: =Q68*R68 -> 0
A69: =A68+1 -> 66 | B69: Nguyễn Văn Xuyên | D69: Phụ | O69: =COUNTIF(E69:N69,"X") -> 0 | P69: =COUNTIF(E69:N69,"X/2")/2 -> 0 | Q69: =SUM(O69:P69) -> 0 | R69: 270000 | S69: =Q69*R69 -> 0
A70: =A69+1 -> 67 | B70: Nguyễn Thành Công | D70: Thợ | F70: x | G70: x | H70: x | I70: x | J70: x | L70: x | M70: x | N70: x | O70: =COUNTIF(E70:N70,"X") -> 8 | P70: =COUNTIF(E70:N70,"X/2")/2 -> 0 | Q70: =SUM(O70:P70) -> 8 | R70: 360000 | S70: =Q70*R70 -> 2880000
A71: =A70+1 -> 68 | B71: Mai Văn Liến | D71: Thợ | O71: =COUNTIF(E71:N71,"X") -> 0 | P71: =COUNTIF(E71:N71,"X/2")/2 -> 0 | Q71: =SUM(O71:P71) -> 0 | R71: 360000 | S71: =Q71*R71 -> 0
A72: =A71+1 -> 69 | B72: Trương Hoàng Khang | D72: Phụ | O72: =COUNTIF(E72:N72,"X") -> 0 | P72: =COUNTIF(E72:N72,"X/2")/2 -> 0 | Q72: =SUM(O72:P72) -> 0 | R72: 260000 | S72: =Q72*R72 -> 0
A73: =A72+1 -> 70 | B73: Nguyễn Văn Chánh | D73: Thợ | O73: =COUNTIF(E73:N73,"X") -> 0 | P73: =COUNTIF(E73:N73,"X/2")/2 -> 0 | Q73: =SUM(O73:P73) -> 0 | R73: 360000 | S73: =Q73*R73 -> 0
A74: =A73+1 -> 71 | B74: Nguyễn Trường Khoa | D74: Phụ | O74: =COUNTIF(E74:N74,"X") -> 0 | P74: =COUNTIF(E74:N74,"X/2")/2 -> 0 | Q74: =SUM(O74:P74) -> 0 | R74: 260000 | S74: =Q74*R74 -> 0
A75: =A74+1 -> 72 | B75: Lê Nguyễn Nhân Quý | D75: Phụ | O75: =COUNTIF(E75:N75,"X") -> 0 | P75: =COUNTIF(E75:N75,"X/2")/2 -> 0 | Q75: =SUM(O75:P75) -> 0 | R75: 260000 | S75: =Q75*R75 -> 0
A76: =A75+1 -> 73 | B76: Phan Văn Bình | D76: Phụ | O76: =COUNTIF(E76:N76,"X") -> 0 | P76: =COUNTIF(E76:N76,"X/2")/2 -> 0 | Q76: =SUM(O76:P76) -> 0 | R76: 270000 | S76: =Q76*R76 -> 0
A77: =A76+1 -> 74 | B77: Phạm Quốc Phong | D77: Thợ | F77: x | G77: x | O77: =COUNTIF(E77:N77,"X") -> 2 | P77: =COUNTIF(E77:N77,"X/2")/2 -> 0 | Q77: =SUM(O77:P77) -> 2 | R77: 400000 | S77: =Q77*R77 -> 800000 | T77: 800000
A78: =A77+1 -> 75 | B78: Phan Hoàng Thịnh | D78: Phụ | F78: x | G78: x | H78: x | I78: x | J78: x | K78: x | L78: x | M78: x | O78: =COUNTIF(E78:N78,"X") -> 8 | P78: =COUNTIF(E78:N78,"X/2")/2 -> 0 | Q78: =SUM(O78:P78) -> 8 | R78: 270000 | S78: =Q78*R78 -> 2160000
A79: =A78+1 -> 76 | B79: Nguyễn Thanh Nhàn | D79: Thợ | I79: x | J79: x | K79: x | L79: x | M79: x | N79: x | O79: =COUNTIF(E79:N79,"X") -> 6 | P79: =COUNTIF(E79:N79,"X/2")/2 -> 0 | Q79: =SUM(O79:P79) -> 6 | R79: 320000 | S79: =Q79*R79 -> 1920000
A80: =A79+1 -> 77 | B80: Lê Tố My | D80: Phụ | I80: x | J80: x | K80: x | L80: x | M80: x | N80: x | O80: =COUNTIF(E80:N80,"X") -> 6 | P80: =COUNTIF(E80:N80,"X/2")/2 -> 0 | Q80: =SUM(O80:P80) -> 6 | R80: 270000 | S80: =Q80*R80 -> 1620000
A81: =A80+1 -> 78 | B81: Nguyễn Hoàng Huynh | D81: Thợ | M81: x | N81: x | O81: =COUNTIF(E81:N81,"X") -> 2 | P81: =COUNTIF(E81:N81,"X/2")/2 -> 0 | Q81: =SUM(O81:P81) -> 2 | R81: 360000 | S81: =Q81*R81 -> 720000
A82: =A81+1 -> 79 | B82: Lê Thị Loan | D82: Phụ | M82: x | N82: x | O82: =COUNTIF(E82:N82,"X") -> 2 | P82: =COUNTIF(E82:N82,"X/2")/2 -> 0 | Q82: =SUM(O82:P82) -> 2 | R82: 270000 | S82: =Q82*R82 -> 540000
E85: =SUBTOTAL(103,E4:E75) -> 0 | F85: =SUBTOTAL(103,F4:F82) -> 34 | G85: =SUBTOTAL(103,G4:G82) -> 31 | H85: =SUBTOTAL(103,H4:H82) -> 33 | I85: =SUBTOTAL(103,I4:I82) -> 35 | J85: =SUBTOTAL(103,J4:J82) -> 35 | K85: =SUBTOTAL(103,K4:K82) -> 28 | L85: =SUBTOTAL(103,L4:L82) -> 33 | M85: =SUBTOTAL(103,M4:M82) -> 36 | N85: =SUBTOTAL(103,N4:N82) -> 29 | O85: =SUBTOTAL(103,O4:O75) -> 72 | P85: =SUBTOTAL(103,P4:P27) -> 24 | Q85: =SUBTOTAL(103,Q4:Q27) -> 24 | R85: =SUBTOTAL(103,R4:R84) -> 79 | S85: =SUBTOTAL(109,S4:S82) -> 101190000 | T85: =SUBTOTAL(109,T4:T84) -> 5690000
T86: =S85-T85 -> 95500000

Sheet 9
A1: BẢNG LƯƠNG (từ 11-20.T5/2026)
A2: STT | B2: HỌ TÊN | C2: GHI CHÚ | D2: CV | E2: 1 | F2: 11 | G2: =F2+1 -> 12 | H2: =G2+1 -> 13 | I2: =H2+1 -> 14 | J2: =I2+1 -> 15 | K2: =J2+1 -> 16 | L2: =K2+1 -> 17 | M2: =L2+1 -> 18 | N2: =M2+1 -> 19 | O2: =N2+1 -> 20 | P2: Đủ công | Q2: Nửa công | R2: TC | S2: Lương/ngày | T2: Tổng lương | U2: Công trình | V2: Ký nhận
E3: T6 | F3: T2 | G3: T3 | H3: T4 | I3: T5 | J3: T6 | K3: T7 | L3: CN | M3: T2 | N3: T3 | O3: T4
A4: 1 | B4: A Lâm | C4: =SUBTOTAL(103,C5:C22) -> 15 | D4: ĐT | F4: x | G4: x | H4: x | I4: x | J4: x | K4: x | M4: x | N4: x | O4: x | P4: =COUNTIF(E4:O4,"X") -> 9 | Q4: =COUNTIF(E4:I4,"X/2")/2 -> 0 | R4: =SUM(P4:Q4) -> 9 | S4: 550000 | T4: =R4*S4 -> 4950000 | V4: 1500000
A5: 2 | B5: Nguyễn Tấn Tài | C5: Có CCCD gửi cty Hưng Long | D5: Thợ | F5: x | G5: x | H5: x | I5: x | J5: x | K5: x | M5: x | N5: x | O5: x | P5: =COUNTIF(E5:O5,"X") -> 9 | Q5: =COUNTIF(E5:O5,"X/2")/2 -> 0 | R5: =SUM(P5:Q5) -> 9 | S5: 380000 | T5: =R5*S5 -> 3420000
A6: 3 | B6: Mai Văn Đời | C6: Có hình CCCD | D6: Thợ | P6: =COUNTIF(E6:O6,"X") -> 0 | Q6: =COUNTIF(E6:O6,"X/2")/2 -> 0 | R6: =SUM(P6:Q6) -> 0 | S6: 370000 | T6: =R6*S6 -> 0
A7: =A6+1 -> 4 | B7: Nguyễn Văn Đấu | C7: Có CCCD gửi cty Hưng Long | D7: Thợ | P7: =COUNTIF(E7:O7,"X") -> 0 | Q7: =COUNTIF(E7:O7,"X/2")/2 -> 0 | R7: =SUM(P7:Q7) -> 0 | S7: 370000 | T7: =R7*S7 -> 0
A8: =A7+1 -> 5 | B8: Huỳnh Thanh Tùng | C8: Có hình CCCD | D8: Thợ ép | F8: x | G8: x | H8: x | I8: x | K8: x | M8: x | N8: x | O8: x | P8: =COUNTIF(E8:O8,"X") -> 8 | Q8: =COUNTIF(E8:O8,"X/2")/2 -> 0 | R8: =SUM(P8:Q8) -> 8 | S8: 350000 | T8: =R8*S8 -> 2800000
A9: =A8+1 -> 6 | B9: Nguyễn Hoàng Vũ | C9: Có CCCD gửi cty Hưng Long | D9: Phụ | F9: x | G9: x | H9: x | I9: x | J9: x | K9: x | M9: x | N9: x | O9: x | P9: =COUNTIF(E9:O9,"X") -> 9 | Q9: =COUNTIF(E9:O9,"X/2")/2 -> 0 | R9: =SUM(P9:Q9) -> 9 | S9: 350000 | T9: =R9*S9 -> 3150000
A10: =A9+1 -> 7 | B10: Nguyễn Văn Phong | C10: Có hình CCCD | D10: Phụ | F10: x | G10: x | H10: x | I10: x | M10: x | N10: x | O10: x | P10: =COUNTIF(E10:O10,"X") -> 7 | Q10: =COUNTIF(E10:O10,"X/2")/2 -> 0 | R10: =SUM(P10:Q10) -> 7 | S10: 300000 | T10: =R10*S10 -> 2100000
A11: =A10+1 -> 8 | B11: Nguyễn Công Thức | C11: Có CCCD gửi cty Hưng Long | D11: Phụ | F11: x | G11: x | H11: x | I11: x | J11: x | K11: x | M11: x | N11: x | O11: x | P11: =COUNTIF(E11:O11,"X") -> 9 | Q11: =COUNTIF(E11:O11,"X/2")/2 -> 0 | R11: =SUM(P11:Q11) -> 9 | S11: 360000 | T11: =R11*S11 -> 3240000
A12: =A11+1 -> 9 | B12: Nguyễn Tấn Lợi | C12: Có hình CCCD | D12: Thợ | P12: =COUNTIF(E12:O12,"X") -> 0 | Q12: =COUNTIF(E12:O12,"X/2")/2 -> 0 | R12: =SUM(P12:Q12) -> 0 | S12: 400000 | T12: =R12*S12 -> 0
A13: 10 | B13: Mai Văn Bảy | C13: Có hình CCCD | D13: Phụ | P13: =COUNTIF(E13:O13,"X") -> 0 | Q13: =COUNTIF(E13:O13,"X/2")/2 -> 0 | R13: =SUM(P13:Q13) -> 0 | S13: 280000 | T13: =R13*S13 -> 0
A14: =A13+1 -> 11 | B14: Huỳnh Chí Linh | C14: Có hình CCCD | D14: Thợ | F14: x/2 | G14: x | H14: x | I14: x/2 | J14: x/2 | K14: x | M14: x/2 | N14: x/2 | O14: x | P14: =COUNTIF(E14:O14,"X") -> 4 | Q14: =COUNTIF(E14:O14,"X/2")/2 -> 2.5 | R14: =SUM(P14:Q14) -> 6.5 | S14: 400000 | T14: =R14*S14 -> 2600000
A15: =A14+1 -> 12 | B15: Nguyễn Văn Yêm | D15: Thợ | F15: x/2 | G15: x | H15: x | M15: x | N15: x | O15: x | P15: =COUNTIF(E15:O15,"X") -> 5 | Q15: =COUNTIF(E15:O15,"X/2")/2 -> 0.5 | R15: =SUM(P15:Q15) -> 5.5 | S15: 390000 | T15: =R15*S15 -> 2145000
A16: =A15+1 -> 13 | B16: Nguyễn Thanh Tùng | C16: Có CCCD gửi cty Hưng Long | D16: Thợ | F16: x | G16: x | H16: x | I16: x | P16: =COUNTIF(E16:O16,"X") -> 4 | Q16: =COUNTIF(E16:O16,"X/2")/2 -> 0 | R16: =SUM(P16:Q16) -> 4 | S16: 370000 | T16: =R16*S16 -> 1480000
A17: =A16+1 -> 14 | B17: Nguyễn Văn Mười | D17: Thợ | P17: =COUNTIF(E17:O17,"X") -> 0 | Q17: =COUNTIF(E17:O17,"X/2")/2 -> 0 | R17: =SUM(P17:Q17) -> 0 | S17: 360000 | T17: =R17*S17 -> 0
A18: =A17+1 -> 15 | B18: Phạm Văn Kiệt | C18: Có CCCD gửi cty Hưng Long | D18: Thợ | F18: x | G18: x | H18: x | I18: x | J18: x | K18: x | M18: x | N18: x | O18: x | P18: =COUNTIF(E18:O18,"X") -> 9 | Q18: =COUNTIF(E18:O18,"X/2")/2 -> 0 | R18: =SUM(P18:Q18) -> 9 | S18: 380000 | T18: =R18*S18 -> 3420000
A19: =A18+1 -> 16 | B19: Trương Văn Thông | C19: Có CCCD gửi cty Hưng Long | D19: Phụ | P19: =COUNTIF(E19:O19,"X") -> 0 | Q19: =COUNTIF(E19:O19,"X/2")/2 -> 0 | R19: =SUM(P19:Q19) -> 0 | S19: 270000 | T19: =R19*S19 -> 0
A20: =A19+1 -> 17 | B20: Võ Hoàng Nam | C20: Có CCCD gửi cty Hưng Long | D20: Thợ | P20: =COUNTIF(E20:O20,"X") -> 0 | Q20: =COUNTIF(E20:O20,"X/2")/2 -> 0 | R20: =SUM(P20:Q20) -> 0 | S20: 380000 | T20: =R20*S20 -> 0
A21: =A20+1 -> 18 | B21: Trần Thanh Sơn | C21: Có CCCD gửi cty Hưng Long | D21: Thợ | P21: =COUNTIF(E21:O21,"X") -> 0 | Q21: =COUNTIF(E21:O21,"X/2")/2 -> 0 | R21: =SUM(P21:Q21) -> 0 | S21: 370000 | T21: =R21*S21 -> 0
A22: =A21+1 -> 19 | B22: Đinh Văn Thống | D22: Phụ | F22: x | G22: x | H22: x | I22: x | J22: x | K22: x | M22: x | N22: x | O22: x | P22: =COUNTIF(E22:O22,"X") -> 9 | Q22: =COUNTIF(E22:O22,"X/2")/2 -> 0 | R22: =SUM(P22:Q22) -> 9 | S22: 280000 | T22: =R22*S22 -> 2520000
A23: =A22+1 -> 20 | B23: Lê Vũ Linh | D23: Thợ | F23: x | G23: x | H23: x | I23: x | K23: x | M23: x | N23: x | O23: x | P23: =COUNTIF(E23:O23,"X") -> 8 | Q23: =COUNTIF(E23:O23,"X/2")/2 -> 0 | R23: =SUM(P23:Q23) -> 8 | S23: 380000 | T23: =R23*S23 -> 3040000
A24: =A23+1 -> 21 | B24: Nguyễn Thị Cười | D24: Thợ | F24: x | G24: x | H24: x | I24: x | K24: x | M24: x | N24: x | O24: x | P24: =COUNTIF(E24:O24,"X") -> 8 | Q24: =COUNTIF(E24:O24,"X/2")/2 -> 0 | R24: =SUM(P24:Q24) -> 8 | S24: 280000 | T24: =R24*S24 -> 2240000
A25: =A24+1 -> 22 | B25: Huỳnh Thanh Xuân | D25: Phụ | P25: =COUNTIF(E25:O25,"X") -> 0 | Q25: =COUNTIF(E25:O25,"X/2")/2 -> 0 | R25: =SUM(P25:Q25) -> 0 | S25: 270000 | T25: =R25*S25 -> 0
A26: =A25+1 -> 23 | B26: Lâm Hữu Phước | D26: Phụ | F26: x | G26: x | H26: x | I26: x | J26: x | K26: x | M26: x | N26: x | P26: =COUNTIF(E26:O26,"X") -> 8 | Q26: =COUNTIF(E26:O26,"X/2")/2 -> 0 | R26: =SUM(P26:Q26) -> 8 | S26: 280000 | T26: =R26*S26 -> 2240000
A27: =A26+1 -> 24 | B27: Nguyễn Văn Phao | D27: Thợ | P27: =COUNTIF(E27:O27,"X") -> 0 | Q27: =COUNTIF(E27:O27,"X/2")/2 -> 0 | R27: =SUM(P27:Q27) -> 0 | S27: 370000 | T27: =R27*S27 -> 0
A28: 25 | B28: Lâm Kỳ Phi | D28: Thợ | I28: x | J28: x | K28: x | M28: x | N28: x | O28: x | P28: =COUNTIF(E28:O28,"X") -> 6 | Q28: =COUNTIF(E28:O28,"X/2")/2 -> 0 | R28: =SUM(P28:Q28) -> 6 | S28: 400000 | T28: =R28*S28 -> 2400000
A29: =A28+1 -> 26 | B29: Trần Thanh Phong | D29: Thợ | F29: x | H29: x | I29: x | J29: x | K29: x | M29: x | N29: x | P29: =COUNTIF(E29:O29,"X") -> 7 | Q29: =COUNTIF(E29:O29,"X/2")/2 -> 0 | R29: =SUM(P29:Q29) -> 7 | S29: 370000 | T29: =R29*S29 -> 2590000
A30: =A29+1 -> 27 | B30: Trịnh Văn Phước | D30: Thợ | P30: =COUNTIF(E30:O30,"X") -> 0 | Q30: =COUNTIF(E30:O30,"X/2")/2 -> 0 | R30: =SUM(P30:Q30) -> 0 | S30: 380000 | T30: =R30*S30 -> 0
A31: =A30+1 -> 28 | B31: Nguyễn Văn Liễu | D31: Thợ | F31: x | G31: x | H31: x | I31: x | J31: x | K31: x | M31: x | N31: x | O31: x | P31: =COUNTIF(E31:O31,"X") -> 9 | Q31: =COUNTIF(E31:O31,"X/2")/2 -> 0 | R31: =SUM(P31:Q31) -> 9 | S31: 360000 | T31: =R31*S31 -> 3240000
A32: =A31+1 -> 29 | B32: Nguyễn Quốc Thiện | D32: Phụ | P32: =COUNTIF(E32:O32,"X") -> 0 | Q32: =COUNTIF(E32:O32,"X/2")/2 -> 0 | R32: =SUM(P32:Q32) -> 0 | S32: 280000 | T32: =R32*S32 -> 0
A33: =A32+1 -> 30 | B33: Nguyễn Văn Cường | D33: Thợ | P33: =COUNTIF(E33:O33,"X") -> 0 | Q33: =COUNTIF(E33:O33,"X/2")/2 -> 0 | R33: =SUM(P33:Q33) -> 0 | S33: 370000 | T33: =R33*S33 -> 0
A34: =A33+1 -> 31 | B34: Nguyễn Thu Mè | D34: Phụ | P34: =COUNTIF(E34:O34,"X") -> 0 | Q34: =COUNTIF(E34:O34,"X/2")/2 -> 0 | R34: =SUM(P34:Q34) -> 0 | S34: 270000 | T34: =R34*S34 -> 0
A35: =A34+1 -> 32 | B35: Nguyễn Văn Chờ | D35: Thợ | P35: =COUNTIF(E35:O35,"X") -> 0 | Q35: =COUNTIF(E35:O35,"X/2")/2 -> 0 | R35: =SUM(P35:Q35) -> 0 | S35: 360000 | T35: =R35*S35 -> 0
A36: =A35+1 -> 33 | B36: Nguyễn Văn Châu | D36: Phụ | F36: x | G36: x | H36: x | I36: x | J36: x | K36: x | N36: x | O36: x | P36: =COUNTIF(E36:O36,"X") -> 8 | Q36: =COUNTIF(E36:O36,"X/2")/2 -> 0 | R36: =SUM(P36:Q36) -> 8 | S36: 280000 | T36: =R36*S36 -> 2240000
A37: =A36+1 -> 34 | B37: Lê Quốc Thịnh | D37: Phụ | P37: =COUNTIF(E37:O37,"X") -> 0 | Q37: =COUNTIF(E37:O37,"X/2")/2 -> 0 | R37: =SUM(P37:Q37) -> 0 | S37: 260000 | T37: =R37*S37 -> 0
A38: =A37+1 -> 35 | B38: Lê Văn Xết | D38: Thợ | F38: x | G38: x | H38: x | I38: x | J38: x | K38: x | M38: x | N38: x | O38: x | P38: =COUNTIF(E38:O38,"X") -> 9 | Q38: =COUNTIF(E38:O38,"X/2")/2 -> 0 | R38: =SUM(P38:Q38) -> 9 | S38: 360000 | T38: =R38*S38 -> 3240000
A39: =A38+1 -> 36 | B39: Nguyễn Văn Thiệt | D39: Thợ | P39: =COUNTIF(E39:O39,"X") -> 0 | Q39: =COUNTIF(E39:O39,"X/2")/2 -> 0 | R39: =SUM(P39:Q39) -> 0 | S39: 360000 | T39: =R39*S39 -> 0
A40: =A39+1 -> 37 | B40: Huỳnh Văn Lý | D40: Phụ | F40: x | G40: x | H40: x | J40: x | K40: x | M40: x | N40: x | O40: x | P40: =COUNTIF(E40:O40,"X") -> 8 | Q40: =COUNTIF(E40:O40,"X/2")/2 -> 0 | R40: =SUM(P40:Q40) -> 8 | S40: 260000 | T40: =R40*S40 -> 2080000
A41: =A40+1 -> 38 | B41: Lê Việt Đa | D41: Thợ | P41: =COUNTIF(E41:O41,"X") -> 0 | Q41: =COUNTIF(E41:O41,"X/2")/2 -> 0 | R41: =SUM(P41:Q41) -> 0 | S41: 370000 | T41: =R41*S41 -> 0
A42: =A41+1 -> 39 | B42: Trần Văn Kỳ | D42: Phụ | P42: =COUNTIF(E42:O42,"X") -> 0 | Q42: =COUNTIF(E42:O42,"X/2")/2 -> 0 | R42: =SUM(P42:Q42) -> 0 | S42: 270000 | T42: =R42*S42 -> 0
A43: =A42+1 -> 40 | B43: Nguyễn Văn Bình | D43: Thợ | F43: x | G43: x | H43: x | I43: x | J43: x | K43: x | M43: x | N43: x | P43: =COUNTIF(E43:O43,"X") -> 8 | Q43: =COUNTIF(E43:O43,"X/2")/2 -> 0 | R43: =SUM(P43:Q43) -> 8 | S43: 370000 | T43: =R43*S43 -> 2960000
A44: =A43+1 -> 41 | B44: Tạ Thị Mỵ | D44: Phụ | F44: x | G44: x | H44: x | I44: x | J44: x | K44: x | M44: x | N44: x | P44: =COUNTIF(E44:O44,"X") -> 8 | Q44: =COUNTIF(E44:O44,"X/2")/2 -> 0 | R44: =SUM(P44:Q44) -> 8 | S44: 270000 | T44: =R44*S44 -> 2160000
A45: =A44+1 -> 42 | B45: Lê Văn Khải | D45: Phụ | P45: =COUNTIF(E45:O45,"X") -> 0 | Q45: =COUNTIF(E45:O45,"X/2")/2 -> 0 | R45: =SUM(P45:Q45) -> 0 | S45: 270000 | T45: =R45*S45 -> 0
A46: =A45+1 -> 43 | B46: Vương Thị Lý | D46: Phụ | P46: =COUNTIF(E46:O46,"X") -> 0 | Q46: =COUNTIF(E46:O46,"X/2")/2 -> 0 | R46: =SUM(P46:Q46) -> 0 | S46: 270000 | T46: =R46*S46 -> 0
A47: =A46+1 -> 44 | B47: Lê Thanh Sáng | D47: Thợ | F47: x | G47: x | H47: x | I47: x | J47: x | K47: x | M47: x | N47: x | O47: x | P47: =COUNTIF(E47:O47,"X") -> 9 | Q47: =COUNTIF(E47:O47,"X/2")/2 -> 0 | R47: =SUM(P47:Q47) -> 9 | S47: 370000 | T47: =R47*S47 -> 3330000
A48: =A47+1 -> 45 | B48: Nguyễn Văn Sa | D48: Thợ | F48: x | G48: x | H48: x | I48: x | J48: x | K48: x | M48: x | N48: x | O48: x | P48: =COUNTIF(E48:O48,"X") -> 9 | Q48: =COUNTIF(E48:O48,"X/2")/2 -> 0 | R48: =SUM(P48:Q48) -> 9 | S48: 360000 | T48: =R48*S48 -> 3240000
A49: =A48+1 -> 46 | B49: Trần Thị Thu | D49: Phụ | F49: x | G49: x | H49: x | I49: x | J49: x | K49: x | M49: x | N49: x | O49: x | P49: =COUNTIF(E49:O49,"X") -> 9 | Q49: =COUNTIF(E49:O49,"X/2")/2 -> 0 | R49: =SUM(P49:Q49) -> 9 | S49: 270000 | T49: =R49*S49 -> 2430000
A50: =A49+1 -> 47 | B50: Ngô Văn Giỏi | D50: Phụ | P50: =COUNTIF(E50:O50,"X") -> 0 | Q50: =COUNTIF(E50:O50,"X/2")/2 -> 0 | R50: =SUM(P50:Q50) -> 0 | S50: 270000 | T50: =R50*S50 -> 0
A51: =A50+1 -> 48 | B51: Hồ Thanh Giãn | D51: Thợ | P51: =COUNTIF(E51:O51,"X") -> 0 | Q51: =COUNTIF(E51:O51,"X/2")/2 -> 0 | R51: =SUM(P51:Q51) -> 0 | S51: 360000 | T51: =R51*S51 -> 0
A52: =A51+1 -> 49 | B52: Phạm Tấn Phong | D52: Thợ | P52: =COUNTIF(E52:O52,"X") -> 0 | Q52: =COUNTIF(E52:O52,"X/2")/2 -> 0 | R52: =SUM(P52:Q52) -> 0 | S52: 360000 | T52: =R52*S52 -> 0
A53: =A52+1 -> 50 | B53: Nguyễn Hồng Lẹ | D53: Phụ | P53: =COUNTIF(E53:O53,"X") -> 0 | Q53: =COUNTIF(E53:O53,"X/2")/2 -> 0 | R53: =SUM(P53:Q53) -> 0 | S53: 270000 | T53: =R53*S53 -> 0
A54: =A53+1 -> 51 | B54: Đỗ Ngọc Thảo | D54: Phụ | F54: x | G54: x | H54: x | I54: x | J54: x | K54: x | M54: x | N54: x | O54: x | P54: =COUNTIF(E54:O54,"X") -> 9 | Q54: =COUNTIF(E54:O54,"X/2")/2 -> 0 | R54: =SUM(P54:Q54) -> 9 | S54: 270000 | T54: =R54*S54 -> 2430000
A55: =A54+1 -> 52 | B55: Cao Nhựt Khanh | D55: Phụ | P55: =COUNTIF(E55:O55,"X") -> 0 | Q55: =COUNTIF(E55:O55,"X/2")/2 -> 0 | R55: =SUM(P55:Q55) -> 0 | S55: 270000 | T55: =R55*S55 -> 0
A56: =A55+1 -> 53 | B56: Lê Trọng Thật | D56: Phụ | G56: x | H56: x | J56: x | K56: x | P56: =COUNTIF(E56:O56,"X") -> 4 | Q56: =COUNTIF(E56:O56,"X/2")/2 -> 0 | R56: =SUM(P56:Q56) -> 4 | S56: 280000 | T56: =R56*S56 -> 1120000
A57: =A56+1 -> 54 | B57: Nguyễn Thị Lệ | D57: Phụ | P57: =COUNTIF(E57:O57,"X") -> 0 | Q57: =COUNTIF(E57:O57,"X/2")/2 -> 0 | R57: =SUM(P57:Q57) -> 0 | S57: 270000 | T57: =R57*S57 -> 0
A58: =A57+1 -> 55 | B58: Nguyễn Văn Mừng | D58: Thợ | P58: =COUNTIF(E58:O58,"X") -> 0 | Q58: =COUNTIF(E58:O58,"X/2")/2 -> 0 | R58: =SUM(P58:Q58) -> 0 | S58: 360000 | T58: =R58*S58 -> 0
A59: =A58+1 -> 56 | B59: Lê Hữu Minh | D59: Phụ | P59: =COUNTIF(E59:O59,"X") -> 0 | Q59: =COUNTIF(E59:O59,"X/2")/2 -> 0 | R59: =SUM(P59:Q59) -> 0 | S59: 270000 | T59: =R59*S59 -> 0
A60: =A59+1 -> 57 | B60: Đặng Hoàng Đông | D60: Phụ | P60: =COUNTIF(E60:O60,"X") -> 0 | Q60: =COUNTIF(E60:O60,"X/2")/2 -> 0 | R60: =SUM(P60:Q60) -> 0 | S60: 260000 | T60: =R60*S60 -> 0
A61: =A60+1 -> 58 | B61: Nguyễn Văn Chín | D61: Thợ | P61: =COUNTIF(E61:O61,"X") -> 0 | Q61: =COUNTIF(E61:O61,"X/2")/2 -> 0 | R61: =SUM(P61:Q61) -> 0 | S61: 360000 | T61: =R61*S61 -> 0
A62: =A61+1 -> 59 | B62: Ngô Văn Cộp | D62: Phụ | P62: =COUNTIF(E62:O62,"X") -> 0 | Q62: =COUNTIF(E62:O62,"X/2")/2 -> 0 | R62: =SUM(P62:Q62) -> 0 | S62: 260000 | T62: =R62*S62 -> 0
A63: =A62+1 -> 60 | B63: Đỗ Văn Liếu | D63: Phụ | P63: =COUNTIF(E63:O63,"X") -> 0 | Q63: =COUNTIF(E63:O63,"X/2")/2 -> 0 | R63: =SUM(P63:Q63) -> 0 | S63: 260000 | T63: =R63*S63 -> 0
A64: =A63+1 -> 61 | B64: Nguyễn Văn Biết | D64: Thợ | F64: x | G64: x | H64: x | I64: x | J64: x | K64: x | M64: x | N64: x | P64: =COUNTIF(E64:O64,"X") -> 8 | Q64: =COUNTIF(E64:O64,"X/2")/2 -> 0 | R64: =SUM(P64:Q64) -> 8 | S64: 370000 | T64: =R64*S64 -> 2960000
A65: =A64+1 -> 62 | B65: Võ Văn Nguyện | D65: Phụ | P65: =COUNTIF(E65:O65,"X") -> 0 | Q65: =COUNTIF(E65:O65,"X/2")/2 -> 0 | R65: =SUM(P65:Q65) -> 0 | S65: 260000 | T65: =R65*S65 -> 0
A66: =A65+1 -> 63 | B66: Nguyễn Văn Lẵm | D66: Thợ | F66: x | G66: x | H66: x | I66: x | J66: x | K66: x | M66: x | N66: x | P66: =COUNTIF(E66:O66,"X") -> 8 | Q66: =COUNTIF(E66:O66,"X/2")/2 -> 0 | R66: =SUM(P66:Q66) -> 8 | S66: 360000 | T66: =R66*S66 -> 2880000
A67: =A66+1 -> 64 | B67: Huỳnh Văn Cường | D67: Phụ | P67: =COUNTIF(E67:O67,"X") -> 0 | Q67: =COUNTIF(E67:O67,"X/2")/2 -> 0 | R67: =SUM(P67:Q67) -> 0 | S67: 260000 | T67: =R67*S67 -> 0
A68: =A67+1 -> 65 | B68: Trần Thị Thanh Thúy | D68: Phụ | P68: =COUNTIF(E68:O68,"X") -> 0 | Q68: =COUNTIF(E68:O68,"X/2")/2 -> 0 | R68: =SUM(P68:Q68) -> 0 | S68: 260000 | T68: =R68*S68 -> 0
A69: =A68+1 -> 66 | B69: Nguyễn Văn Xuyên | D69: Phụ | P69: =COUNTIF(E69:O69,"X") -> 0 | Q69: =COUNTIF(E69:O69,"X/2")/2 -> 0 | R69: =SUM(P69:Q69) -> 0 | S69: 270000 | T69: =R69*S69 -> 0
A70: =A69+1 -> 67 | B70: Nguyễn Thành Công | D70: Thợ | F70: x | G70: x | H70: x | I70: x | J70: x | K70: x | M70: x | N70: x | O70: x | P70: =COUNTIF(E70:O70,"X") -> 9 | Q70: =COUNTIF(E70:O70,"X/2")/2 -> 0 | R70: =SUM(P70:Q70) -> 9 | S70: 360000 | T70: =R70*S70 -> 3240000
A71: =A70+1 -> 68 | B71: Mai Văn Liến | D71: Thợ | P71: =COUNTIF(E71:O71,"X") -> 0 | Q71: =COUNTIF(E71:O71,"X/2")/2 -> 0 | R71: =SUM(P71:Q71) -> 0 | S71: 360000 | T71: =R71*S71 -> 0
A72: =A71+1 -> 69 | B72: Trương Hoàng Khang | D72: Phụ | P72: =COUNTIF(E72:O72,"X") -> 0 | Q72: =COUNTIF(E72:O72,"X/2")/2 -> 0 | R72: =SUM(P72:Q72) -> 0 | S72: 260000 | T72: =R72*S72 -> 0
A73: =A72+1 -> 70 | B73: Nguyễn Văn Chánh | D73: Thợ | P73: =COUNTIF(E73:O73,"X") -> 0 | Q73: =COUNTIF(E73:O73,"X/2")/2 -> 0 | R73: =SUM(P73:Q73) -> 0 | S73: 360000 | T73: =R73*S73 -> 0
A74: =A73+1 -> 71 | B74: Nguyễn Trường Khoa | D74: Phụ | P74: =COUNTIF(E74:O74,"X") -> 0 | Q74: =COUNTIF(E74:O74,"X/2")/2 -> 0 | R74: =SUM(P74:Q74) -> 0 | S74: 260000 | T74: =R74*S74 -> 0
A75: =A74+1 -> 72 | B75: Lê Nguyễn Nhân Quý | D75: Phụ | P75: =COUNTIF(E75:O75,"X") -> 0 | Q75: =COUNTIF(E75:O75,"X/2")/2 -> 0 | R75: =SUM(P75:Q75) -> 0 | S75: 260000 | T75: =R75*S75 -> 0
A76: =A75+1 -> 73 | B76: Phan Văn Bình | D76: Phụ | P76: =COUNTIF(E76:O76,"X") -> 0 | Q76: =COUNTIF(E76:O76,"X/2")/2 -> 0 | R76: =SUM(P76:Q76) -> 0 | S76: 270000 | T76: =R76*S76 -> 0
A77: =A76+1 -> 74 | B77: Phạm Quốc Phong | D77: Thợ | P77: =COUNTIF(E77:O77,"X") -> 0 | Q77: =COUNTIF(E77:O77,"X/2")/2 -> 0 | R77: =SUM(P77:Q77) -> 0 | S77: 400000 | T77: =R77*S77 -> 0
A78: =A77+1 -> 75 | B78: Phan Hoàng Thịnh | D78: Phụ | F78: x | G78: x | H78: x | I78: x | J78: x | K78: x | N78: x | O78: x | P78: =COUNTIF(E78:O78,"X") -> 8 | Q78: =COUNTIF(E78:O78,"X/2")/2 -> 0 | R78: =SUM(P78:Q78) -> 8 | S78: 270000 | T78: =R78*S78 -> 2160000
A79: =A78+1 -> 76 | B79: Nguyễn Thanh Nhàn | D79: Thợ | F79: x | G79: x | H79: x | I79: x | J79: x | K79: x | M79: x | N79: x | O79: x | P79: =COUNTIF(E79:O79,"X") -> 9 | Q79: =COUNTIF(E79:O79,"X/2")/2 -> 0 | R79: =SUM(P79:Q79) -> 9 | S79: 320000 | T79: =R79*S79 -> 2880000
A80: =A79+1 -> 77 | B80: Lê Tố My | D80: Phụ | F80: x | G80: x | H80: x | I80: x | J80: x | K80: x | N80: x | O80: x | P80: =COUNTIF(E80:O80,"X") -> 8 | Q80: =COUNTIF(E80:O80,"X/2")/2 -> 0 | R80: =SUM(P80:Q80) -> 8 | S80: 270000 | T80: =R80*S80 -> 2160000
A81: =A80+1 -> 78 | B81: Nguyễn Hoàng Huynh | D81: Thợ | F81: x | G81: x | H81: x | I81: x | J81: x | K81: x | M81: x | N81: x | O81: x | P81: =COUNTIF(E81:O81,"X") -> 9 | Q81: =COUNTIF(E81:O81,"X/2")/2 -> 0 | R81: =SUM(P81:Q81) -> 9 | S81: 360000 | T81: =R81*S81 -> 3240000
A82: =A81+1 -> 79 | B82: Lê Thị Loan | D82: Phụ | F82: x | G82: x | H82: x | I82: x | J82: x | K82: x | M82: x | N82: x | O82: x | P82: =COUNTIF(E82:O82,"X") -> 9 | Q82: =COUNTIF(E82:O82,"X/2")/2 -> 0 | R82: =SUM(P82:Q82) -> 9 | S82: 270000 | T82: =R82*S82 -> 2430000
A83: =A82+1 -> 80 | B83: Đoàn Văn Vũ | D83: Phụ | N83: x | O83: x | P83: =COUNTIF(E83:O83,"X") -> 2 | Q83: =COUNTIF(E83:O83,"X/2")/2 -> 0 | R83: =SUM(P83:Q83) -> 2 | S83: 270000 | T83: =R83*S83 -> 540000
E85: =SUBTOTAL(103,E4:E75) -> 0 | F85: =SUBTOTAL(103,F4:F82) -> 33 | G85: =SUBTOTAL(103,G4:G82) -> 33 | H85: =SUBTOTAL(103,H4:H82) -> 34 | I85: =SUBTOTAL(103,I4:I82) -> 32 | J85: =SUBTOTAL(103,J4:J82) -> 29 | K85: =SUBTOTAL(103,K4:K82) -> 32 | L85: =SUBTOTAL(103,L4:L82) -> 0 | M85: =SUBTOTAL(103,M4:M82) -> 30 | O85: =SUBTOTAL(103,O4:O82) -> 27 | P85: =SUBTOTAL(103,P4:P75) -> 72 | Q85: =SUBTOTAL(103,Q4:Q27) -> 24 | R85: =SUBTOTAL(103,R4:R27) -> 24 | S85: =SUBTOTAL(103,S4:S84) -> 80 | T85: =SUBTOTAL(109,T4:T83) -> 95295000 | V85: =SUBTOTAL(109,V4:V84) -> 1500000
V86: =T85-V85 -> 93795000

Sheet 11
A1: BẢNG LƯƠNG (từ 21-31.T5/2026)
A2: STT | B2: HỌ TÊN | C2: GHI CHÚ | D2: CV | E2: 1 | F2: 21 | G2: =F2+1 -> 22 | H2: =G2+1 -> 23 | I2: =H2+1 -> 24 | J2: =I2+1 -> 25 | K2: =J2+1 -> 26 | L2: =K2+1 -> 27 | M2: =L2+1 -> 28 | N2: =M2+1 -> 29 | O2: 30 | P2: 31 | Q2: Đủ công | R2: Nửa công | S2: TC | T2: Lương/ngày | U2: Tổng lương | V2: Công trình | W2: Ký nhận
E3: T6 | F3: T5 | G3: T6 | H3: T7 | I3: CN | J3: T2 | K3: T3 | L3: T4 | M3: T5 | N3: T6 | O3: T7 | P3: CN
A4: 1 | B4: A Lâm | C4: =SUBTOTAL(103,C5:C22) -> 15 | D4: ĐT | F4: x | G4: x | H4: x | I4: x | J4: x | K4: x | M4: x | N4: x | O4: x/2 | P4: x | Q4: =COUNTIF(E4:P4,"X") -> 9 | R4: =COUNTIF(E4:I4,"X/2")/2 -> 0 | S4: =SUM(Q4:R4) -> 9 | T4: 550000 | U4: =S4*T4 -> 4950000 | W4: 1500000
A5: 2 | B5: Nguyễn Tấn Tài | C5: Có CCCD gửi cty Hưng Long | D5: Thợ | F5: x | G5: x | H5: x | I5: x | J5: x | Q5: =COUNTIF(E5:P5,"X") -> 5 | R5: =COUNTIF(E5:P5,"X/2")/2 -> 0 | S5: =SUM(Q5:R5) -> 5 | T5: 380000 | U5: =S5*T5 -> 1900000
A6: 3 | B6: Mai Văn Đời | C6: Có hình CCCD | D6: Thợ | Q6: =COUNTIF(E6:P6,"X") -> 0 | R6: =COUNTIF(E6:P6,"X/2")/2 -> 0 | S6: =SUM(Q6:R6) -> 0 | T6: 370000 | U6: =S6*T6 -> 0
A7: =A6+1 -> 4 | B7: Nguyễn Văn Đấu | C7: Có CCCD gửi cty Hưng Long | D7: Thợ | G7: x | Q7: =COUNTIF(E7:P7,"X") -> 1 | R7: =COUNTIF(E7:P7,"X/2")/2 -> 0 | S7: =SUM(Q7:R7) -> 1 | T7: 370000 | U7: =S7*T7 -> 370000
A8: =A7+1 -> 5 | B8: Huỳnh Thanh Tùng | C8: Có hình CCCD | D8: Thợ ép | I8: x | J8: x | Q8: =COUNTIF(E8:P8,"X") -> 2 | R8: =COUNTIF(E8:P8,"X/2")/2 -> 0 | S8: =SUM(Q8:R8) -> 2 | T8: 350000 | U8: =S8*T8 -> 700000
A9: =A8+1 -> 6 | B9: Nguyễn Hoàng Vũ | C9: Có CCCD gửi cty Hưng Long | D9: Phụ | F9: x | G9: x | H9: x | J9: x | K9: x | M9: x | N9: x | O9: x | Q9: =COUNTIF(E9:P9,"X") -> 8 | R9: =COUNTIF(E9:P9,"X/2")/2 -> 0 | S9: =SUM(Q9:R9) -> 8 | T9: 350000 | U9: =S9*T9 -> 2800000
A10: =A9+1 -> 7 | B10: Nguyễn Văn Phong | C10: Có hình CCCD | D10: Phụ | F10: x | G10: x | H10: x | I10: x | J10: x | Q10: =COUNTIF(E10:P10,"X") -> 5 | R10: =COUNTIF(E10:P10,"X/2")/2 -> 0 | S10: =SUM(Q10:R10) -> 5 | T10: 300000 | U10: =S10*T10 -> 1500000
A11: =A10+1 -> 8 | B11: Nguyễn Công Thức | C11: Có CCCD gửi cty Hưng Long | D11: Phụ | F11: x | G11: x | H11: x | I11: x | J11: x | K11: x | Q11: =COUNTIF(E11:P11,"X") -> 6 | R11: =COUNTIF(E11:P11,"X/2")/2 -> 0 | S11: =SUM(Q11:R11) -> 6 | T11: 360000 | U11: =S11*T11 -> 2160000
A12: =A11+1 -> 9 | B12: Nguyễn Tấn Lợi | C12: Có hình CCCD | D12: Thợ | Q12: =COUNTIF(E12:P12,"X") -> 0 | R12: =COUNTIF(E12:P12,"X/2")/2 -> 0 | S12: =SUM(Q12:R12) -> 0 | T12: 400000 | U12: =S12*T12 -> 0
A13: 10 | B13: Mai Văn Bảy | C13: Có hình CCCD | D13: Phụ | Q13: =COUNTIF(E13:P13,"X") -> 0 | R13: =COUNTIF(E13:P13,"X/2")/2 -> 0 | S13: =SUM(Q13:R13) -> 0 | T13: 280000 | U13: =S13*T13 -> 0
A14: =A13+1 -> 11 | B14: Huỳnh Chí Linh | C14: Có hình CCCD | D14: Thợ | G14: x | H14: x | I14: x/2 | J14: x | K14: x | O14: x/2 | P14: x | Q14: =COUNTIF(E14:P14,"X") -> 5 | R14: =COUNTIF(E14:P14,"X/2")/2 -> 1 | S14: =SUM(Q14:R14) -> 6 | T14: 400000 | U14: =S14*T14+550000 -> 2950000
A15: =A14+1 -> 12 | B15: Nguyễn Văn Yêm | D15: Thợ | F15: x | G15: x | H15: x | I15: x | J15: x | K15: x/2 | Q15: =COUNTIF(E15:P15,"X") -> 5 | R15: =COUNTIF(E15:P15,"X/2")/2 -> 0.5 | S15: =SUM(Q15:R15) -> 5.5 | T15: 390000 | U15: =S15*T15 -> 2145000
A16: =A15+1 -> 13 | B16: Nguyễn Thanh Tùng | C16: Có CCCD gửi cty Hưng Long | D16: Thợ | Q16: =COUNTIF(E16:P16,"X") -> 0 | R16: =COUNTIF(E16:P16,"X/2")/2 -> 0 | S16: =SUM(Q16:R16) -> 0 | T16: 370000 | U16: =S16*T16 -> 0
A17: =A16+1 -> 14 | B17: Nguyễn Văn Mười | D17: Thợ | Q17: =COUNTIF(E17:P17,"X") -> 0 | R17: =COUNTIF(E17:P17,"X/2")/2 -> 0 | S17: =SUM(Q17:R17) -> 0 | T17: 360000 | U17: =S17*T17 -> 0
A18: =A17+1 -> 15 | B18: Phạm Văn Kiệt | C18: Có CCCD gửi cty Hưng Long | D18: Thợ | F18: x | G18: x | H18: x | I18: x | J18: x | K18: x/2 | Q18: =COUNTIF(E18:P18,"X") -> 5 | R18: =COUNTIF(E18:P18,"X/2")/2 -> 0.5 | S18: =SUM(Q18:R18) -> 5.5 | T18: 380000 | U18: =S18*T18 -> 2090000
A19: =A18+1 -> 16 | B19: Trương Văn Thông | C19: Có CCCD gửi cty Hưng Long | D19: Phụ | Q19: =COUNTIF(E19:P19,"X") -> 0 | R19: =COUNTIF(E19:P19,"X/2")/2 -> 0 | S19: =SUM(Q19:R19) -> 0 | T19: 270000 | U19: =S19*T19 -> 0
A20: =A19+1 -> 17 | B20: Võ Hoàng Nam | C20: Có CCCD gửi cty Hưng Long | D20: Thợ | Q20: =COUNTIF(E20:P20,"X") -> 0 | R20: =COUNTIF(E20:P20,"X/2")/2 -> 0 | S20: =SUM(Q20:R20) -> 0 | T20: 380000 | U20: =S20*T20 -> 0
A21: =A20+1 -> 18 | B21: Trần Thanh Sơn | C21: Có CCCD gửi cty Hưng Long | D21: Thợ | Q21: =COUNTIF(E21:P21,"X") -> 0 | R21: =COUNTIF(E21:P21,"X/2")/2 -> 0 | S21: =SUM(Q21:R21) -> 0 | T21: 370000 | U21: =S21*T21 -> 0
A22: =A21+1 -> 19 | B22: Đinh Văn Thống | D22: Phụ | F22: x | G22: x | H22: x | I22: x | J22: x | K22: x | P22: x | Q22: =COUNTIF(E22:P22,"X") -> 7 | R22: =COUNTIF(E22:P22,"X/2")/2 -> 0 | S22: =SUM(Q22:R22) -> 7 | T22: 280000 | U22: =S22*T22 -> 1960000
A23: =A22+1 -> 20 | B23: Lê Vũ Linh | D23: Thợ | F23: x | G23: x | H23: x | I23: x | J23: x | K23: x | O23: x/2 | Q23: =COUNTIF(E23:P23,"X") -> 6 | R23: =COUNTIF(E23:P23,"X/2")/2 -> 0.5 | S23: =SUM(Q23:R23) -> 6.5 | T23: 380000 | U23: =S23*T23 -> 2470000
A24: =A23+1 -> 21 | B24: Nguyễn Thị Cười | D24: Thợ | F24: x | G24: x | H24: x | I24: x | J24: x | K24: x | Q24: =COUNTIF(E24:P24,"X") -> 6 | R24: =COUNTIF(E24:P24,"X/2")/2 -> 0 | S24: =SUM(Q24:R24) -> 6 | T24: 280000 | U24: =S24*T24 -> 1680000
A25: =A24+1 -> 22 | B25: Huỳnh Thanh Xuân | D25: Phụ | Q25: =COUNTIF(E25:P25,"X") -> 0 | R25: =COUNTIF(E25:P25,"X/2")/2 -> 0 | S25: =SUM(Q25:R25) -> 0 | T25: 270000 | U25: =S25*T25 -> 0
A26: =A25+1 -> 23 | B26: Lâm Hữu Phước | D26: Phụ | F26: x | G26: x | H26: x | I26: x | Q26: =COUNTIF(E26:P26,"X") -> 4 | R26: =COUNTIF(E26:P26,"X/2")/2 -> 0 | S26: =SUM(Q26:R26) -> 4 | T26: 280000 | U26: =S26*T26 -> 1120000
A27: =A26+1 -> 24 | B27: Nguyễn Văn Phao | D27: Thợ | Q27: =COUNTIF(E27:P27,"X") -> 0 | R27: =COUNTIF(E27:P27,"X/2")/2 -> 0 | S27: =SUM(Q27:R27) -> 0 | T27: 370000 | U27: =S27*T27 -> 0
A28: 25 | B28: Lâm Kỳ Phi | D28: Thợ | F28: x | G28: x/2 | Q28: =COUNTIF(E28:P28,"X") -> 1 | R28: =COUNTIF(E28:P28,"X/2")/2 -> 0.5 | S28: =SUM(Q28:R28) -> 1.5 | T28: 400000 | U28: =S28*T28 -> 600000
A29: =A28+1 -> 26 | B29: Trần Thanh Phong | D29: Thợ | F29: x | G29: x | H29: x | I29: x | Q29: =COUNTIF(E29:P29,"X") -> 4 | R29: =COUNTIF(E29:P29,"X/2")/2 -> 0 | S29: =SUM(Q29:R29) -> 4 | T29: 370000 | U29: =S29*T29 -> 1480000
A30: =A29+1 -> 27 | B30: Trịnh Văn Phước | D30: Thợ | Q30: =COUNTIF(E30:P30,"X") -> 0 | R30: =COUNTIF(E30:P30,"X/2")/2 -> 0 | S30: =SUM(Q30:R30) -> 0 | T30: 380000 | U30: =S30*T30 -> 0
A31: =A30+1 -> 28 | B31: Nguyễn Văn Liễu | D31: Thợ | F31: x | G31: x | H31: x | I31: x/2 | J31: x | M31: x | N31: x | O31: x/2 | P31: x | Q31: =COUNTIF(E31:P31,"X") -> 7 | R31: =COUNTIF(E31:P31,"X/2")/2 -> 1 | S31: =SUM(Q31:R31) -> 8 | T31: 360000 | U31: =S31*T31 -> 2880000
A32: =A31+1 -> 29 | B32: Nguyễn Quốc Thiện | D32: Phụ | Q32: =COUNTIF(E32:P32,"X") -> 0 | R32: =COUNTIF(E32:P32,"X/2")/2 -> 0 | S32: =SUM(Q32:R32) -> 0 | T32: 280000 | U32: =S32*T32 -> 0
A33: =A32+1 -> 30 | B33: Nguyễn Văn Cường | D33: Thợ | Q33: =COUNTIF(E33:P33,"X") -> 0 | R33: =COUNTIF(E33:P33,"X/2")/2 -> 0 | S33: =SUM(Q33:R33) -> 0 | T33: 370000 | U33: =S33*T33 -> 0
A34: =A33+1 -> 31 | B34: Nguyễn Thu Mè | D34: Phụ | Q34: =COUNTIF(E34:P34,"X") -> 0 | R34: =COUNTIF(E34:P34,"X/2")/2 -> 0 | S34: =SUM(Q34:R34) -> 0 | T34: 270000 | U34: =S34*T34 -> 0
A35: =A34+1 -> 32 | B35: Nguyễn Văn Chờ | D35: Thợ | Q35: =COUNTIF(E35:P35,"X") -> 0 | R35: =COUNTIF(E35:P35,"X/2")/2 -> 0 | S35: =SUM(Q35:R35) -> 0 | T35: 360000 | U35: =S35*T35 -> 0
A36: =A35+1 -> 33 | B36: Nguyễn Văn Châu | D36: Phụ | F36: x | G36: x | H36: x | J36: x | Q36: =COUNTIF(E36:P36,"X") -> 4 | R36: =COUNTIF(E36:P36,"X/2")/2 -> 0 | S36: =SUM(Q36:R36) -> 4 | T36: 280000 | U36: =S36*T36 -> 1120000
A37: =A36+1 -> 34 | B37: Lê Quốc Thịnh | D37: Phụ | Q37: =COUNTIF(E37:P37,"X") -> 0 | R37: =COUNTIF(E37:P37,"X/2")/2 -> 0 | S37: =SUM(Q37:R37) -> 0 | T37: 260000 | U37: =S37*T37 -> 0
A38: =A37+1 -> 35 | B38: Lê Văn Xết | D38: Thợ | F38: x | G38: x | H38: x | J38: x | Q38: =COUNTIF(E38:P38,"X") -> 4 | R38: =COUNTIF(E38:P38,"X/2")/2 -> 0 | S38: =SUM(Q38:R38) -> 4 | T38: 360000 | U38: =S38*T38 -> 1440000
A39: =A38+1 -> 36 | B39: Nguyễn Văn Thiệt | D39: Thợ | Q39: =COUNTIF(E39:P39,"X") -> 0 | R39: =COUNTIF(E39:P39,"X/2")/2 -> 0 | S39: =SUM(Q39:R39) -> 0 | T39: 360000 | U39: =S39*T39 -> 0
A40: =A39+1 -> 37 | B40: Huỳnh Văn Lý | D40: Phụ | G40: x | H40: x | I40: x | J40: x | Q40: =COUNTIF(E40:P40,"X") -> 4 | R40: =COUNTIF(E40:P40,"X/2")/2 -> 0 | S40: =SUM(Q40:R40) -> 4 | T40: 260000 | U40: =S40*T40 -> 1040000
A41: =A40+1 -> 38 | B41: Lê Việt Đa | D41: Thợ | Q41: =COUNTIF(E41:P41,"X") -> 0 | R41: =COUNTIF(E41:P41,"X/2")/2 -> 0 | S41: =SUM(Q41:R41) -> 0 | T41: 370000 | U41: =S41*T41 -> 0
A42: =A41+1 -> 39 | B42: Trần Văn Kỳ | D42: Phụ | Q42: =COUNTIF(E42:P42,"X") -> 0 | R42: =COUNTIF(E42:P42,"X/2")/2 -> 0 | S42: =SUM(Q42:R42) -> 0 | T42: 270000 | U42: =S42*T42 -> 0
A43: =A42+1 -> 40 | B43: Nguyễn Văn Bình | D43: Thợ | H43: x | I43: x/2 | J43: x | K43: x | M43: x | N43: x | O43: x/2 | P43: x | Q43: =COUNTIF(E43:P43,"X") -> 6 | R43: =COUNTIF(E43:P43,"X/2")/2 -> 1 | S43: =SUM(Q43:R43) -> 7 | T43: 370000 | U43: =S43*T43 -> 2590000
A44: =A43+1 -> 41 | B44: Tạ Thị Mỵ | D44: Phụ | H44: x | I44: x/2 | J44: x | K44: x | M44: x | N44: x | O44: x/2 | P44: x | Q44: =COUNTIF(E44:P44,"X") -> 6 | R44: =COUNTIF(E44:P44,"X/2")/2 -> 1 | S44: =SUM(Q44:R44) -> 7 | T44: 270000 | U44: =S44*T44 -> 1890000
A45: =A44+1 -> 42 | B45: Lê Văn Khải | D45: Phụ | Q45: =COUNTIF(E45:P45,"X") -> 0 | R45: =COUNTIF(E45:P45,"X/2")/2 -> 0 | S45: =SUM(Q45:R45) -> 0 | T45: 270000 | U45: =S45*T45 -> 0
A46: =A45+1 -> 43 | B46: Vương Thị Lý | D46: Phụ | Q46: =COUNTIF(E46:P46,"X") -> 0 | R46: =COUNTIF(E46:P46,"X/2")/2 -> 0 | S46: =SUM(Q46:R46) -> 0 | T46: 270000 | U46: =S46*T46 -> 0
A47: =A46+1 -> 44 | B47: Lê Thanh Sáng | D47: Thợ | F47: x | G47: x | H47: x | I47: x | J47: x | Q47: =COUNTIF(E47:P47,"X") -> 5 | R47: =COUNTIF(E47:P47,"X/2")/2 -> 0 | S47: =SUM(Q47:R47) -> 5 | T47: 370000 | U47: =S47*T47 -> 1850000
A48: =A47+1 -> 45 | B48: Nguyễn Văn Sa | D48: Thợ | F48: x | G48: x | H48: x | I48: x | J48: x | Q48: =COUNTIF(E48:P48,"X") -> 5 | R48: =COUNTIF(E48:P48,"X/2")/2 -> 0 | S48: =SUM(Q48:R48) -> 5 | T48: 360000 | U48: =S48*T48 -> 1800000
A49: =A48+1 -> 46 | B49: Trần Thị Thu | D49: Phụ | F49: x | G49: x | H49: x | I49: x/2 | J49: x/2 | O49: x/2 | P49: x | Q49: =COUNTIF(E49:P49,"X") -> 4 | R49: =COUNTIF(E49:P49,"X/2")/2 -> 1.5 | S49: =SUM(Q49:R49) -> 5.5 | T49: 270000 | U49: =S49*T49 -> 1485000
A50: =A49+1 -> 47 | B50: Ngô Văn Giỏi | D50: Phụ | Q50: =COUNTIF(E50:P50,"X") -> 0 | R50: =COUNTIF(E50:P50,"X/2")/2 -> 0 | S50: =SUM(Q50:R50) -> 0 | T50: 270000 | U50: =S50*T50 -> 0
A51: =A50+1 -> 48 | B51: Hồ Thanh Giãn | D51: Thợ | Q51: =COUNTIF(E51:P51,"X") -> 0 | R51: =COUNTIF(E51:P51,"X/2")/2 -> 0 | S51: =SUM(Q51:R51) -> 0 | T51: 360000 | U51: =S51*T51 -> 0
A52: =A51+1 -> 49 | B52: Phạm Tấn Phong | D52: Thợ | Q52: =COUNTIF(E52:P52,"X") -> 0 | R52: =COUNTIF(E52:P52,"X/2")/2 -> 0 | S52: =SUM(Q52:R52) -> 0 | T52: 360000 | U52: =S52*T52 -> 0
A53: =A52+1 -> 50 | B53: Nguyễn Hồng Lẹ | D53: Phụ | Q53: =COUNTIF(E53:P53,"X") -> 0 | R53: =COUNTIF(E53:P53,"X/2")/2 -> 0 | S53: =SUM(Q53:R53) -> 0 | T53: 270000 | U53: =S53*T53 -> 0
A54: =A53+1 -> 51 | B54: Đỗ Ngọc Thảo | D54: Phụ | F54: x | G54: x/2 | Q54: =COUNTIF(E54:P54,"X") -> 1 | R54: =COUNTIF(E54:P54,"X/2")/2 -> 0.5 | S54: =SUM(Q54:R54) -> 1.5 | T54: 270000 | U54: =S54*T54 -> 405000
A55: =A54+1 -> 52 | B55: Cao Nhựt Khanh | D55: Phụ | Q55: =COUNTIF(E55:P55,"X") -> 0 | R55: =COUNTIF(E55:P55,"X/2")/2 -> 0 | S55: =SUM(Q55:R55) -> 0 | T55: 270000 | U55: =S55*T55 -> 0
A56: =A55+1 -> 53 | B56: Lê Trọng Thật | D56: Phụ | F56: x | G56: x | H56: x | Q56: =COUNTIF(E56:P56,"X") -> 3 | R56: =COUNTIF(E56:P56,"X/2")/2 -> 0 | S56: =SUM(Q56:R56) -> 3 | T56: 280000 | U56: =S56*T56 -> 840000
A57: =A56+1 -> 54 | B57: Nguyễn Thị Lệ | D57: Phụ | Q57: =COUNTIF(E57:P57,"X") -> 0 | R57: =COUNTIF(E57:P57,"X/2")/2 -> 0 | S57: =SUM(Q57:R57) -> 0 | T57: 270000 | U57: =S57*T57 -> 0
A58: =A57+1 -> 55 | B58: Nguyễn Văn Mừng | D58: Thợ | Q58: =COUNTIF(E58:P58,"X") -> 0 | R58: =COUNTIF(E58:P58,"X/2")/2 -> 0 | S58: =SUM(Q58:R58) -> 0 | T58: 360000 | U58: =S58*T58 -> 0
A59: =A58+1 -> 56 | B59: Lê Hữu Minh | D59: Phụ | Q59: =COUNTIF(E59:P59,"X") -> 0 | R59: =COUNTIF(E59:P59,"X/2")/2 -> 0 | S59: =SUM(Q59:R59) -> 0 | T59: 270000 | U59: =S59*T59 -> 0
A60: =A59+1 -> 57 | B60: Đặng Hoàng Đông | D60: Phụ | Q60: =COUNTIF(E60:P60,"X") -> 0 | R60: =COUNTIF(E60:P60,"X/2")/2 -> 0 | S60: =SUM(Q60:R60) -> 0 | T60: 260000 | U60: =S60*T60 -> 0
A61: =A60+1 -> 58 | B61: Nguyễn Văn Chín | D61: Thợ | Q61: =COUNTIF(E61:P61,"X") -> 0 | R61: =COUNTIF(E61:P61,"X/2")/2 -> 0 | S61: =SUM(Q61:R61) -> 0 | T61: 360000 | U61: =S61*T61 -> 0
A62: =A61+1 -> 59 | B62: Ngô Văn Cộp | D62: Phụ | Q62: =COUNTIF(E62:P62,"X") -> 0 | R62: =COUNTIF(E62:P62,"X/2")/2 -> 0 | S62: =SUM(Q62:R62) -> 0 | T62: 260000 | U62: =S62*T62 -> 0
A63: =A62+1 -> 60 | B63: Đỗ Văn Liếu | D63: Phụ | Q63: =COUNTIF(E63:P63,"X") -> 0 | R63: =COUNTIF(E63:P63,"X/2")/2 -> 0 | S63: =SUM(Q63:R63) -> 0 | T63: 260000 | U63: =S63*T63 -> 0
A64: =A63+1 -> 61 | B64: Nguyễn Văn Biết | D64: Thợ | F64: x | G64: x | H64: x | I64: x | J64: x | Q64: =COUNTIF(E64:P64,"X") -> 5 | R64: =COUNTIF(E64:P64,"X/2")/2 -> 0 | S64: =SUM(Q64:R64) -> 5 | T64: 370000 | U64: =S64*T64 -> 1850000
A65: =A64+1 -> 62 | B65: Võ Văn Nguyện | D65: Phụ | Q65: =COUNTIF(E65:P65,"X") -> 0 | R65: =COUNTIF(E65:P65,"X/2")/2 -> 0 | S65: =SUM(Q65:R65) -> 0 | T65: 260000 | U65: =S65*T65 -> 0
A66: =A65+1 -> 63 | B66: Nguyễn Văn Lẵm | D66: Thợ | F66: x | G66: x | H66: x | I66: x | J66: x | Q66: =COUNTIF(E66:P66,"X") -> 5 | R66: =COUNTIF(E66:P66,"X/2")/2 -> 0 | S66: =SUM(Q66:R66) -> 5 | T66: 360000 | U66: =S66*T66 -> 1800000
A67: =A66+1 -> 64 | B67: Huỳnh Văn Cường | D67: Phụ | Q67: =COUNTIF(E67:P67,"X") -> 0 | R67: =COUNTIF(E67:P67,"X/2")/2 -> 0 | S67: =SUM(Q67:R67) -> 0 | T67: 260000 | U67: =S67*T67 -> 0
A68: =A67+1 -> 65 | B68: Trần Thị Thanh Thúy | D68: Phụ | Q68: =COUNTIF(E68:P68,"X") -> 0 | R68: =COUNTIF(E68:P68,"X/2")/2 -> 0 | S68: =SUM(Q68:R68) -> 0 | T68: 260000 | U68: =S68*T68 -> 0
A69: =A68+1 -> 66 | B69: Nguyễn Văn Xuyên | D69: Phụ | Q69: =COUNTIF(E69:P69,"X") -> 0 | R69: =COUNTIF(E69:P69,"X/2")/2 -> 0 | S69: =SUM(Q69:R69) -> 0 | T69: 270000 | U69: =S69*T69 -> 0
A70: =A69+1 -> 67 | B70: Nguyễn Thành Công | D70: Thợ | G70: x | H70: x | I70: x | J70: x | Q70: =COUNTIF(E70:P70,"X") -> 4 | R70: =COUNTIF(E70:P70,"X/2")/2 -> 0 | S70: =SUM(Q70:R70) -> 4 | T70: 360000 | U70: =S70*T70 -> 1440000
A71: =A70+1 -> 68 | B71: Mai Văn Liến | D71: Thợ | Q71: =COUNTIF(E71:P71,"X") -> 0 | R71: =COUNTIF(E71:P71,"X/2")/2 -> 0 | S71: =SUM(Q71:R71) -> 0 | T71: 360000 | U71: =S71*T71 -> 0
A72: =A71+1 -> 69 | B72: Trương Hoàng Khang | D72: Phụ | Q72: =COUNTIF(E72:P72,"X") -> 0 | R72: =COUNTIF(E72:P72,"X/2")/2 -> 0 | S72: =SUM(Q72:R72) -> 0 | T72: 260000 | U72: =S72*T72 -> 0
A73: =A72+1 -> 70 | B73: Nguyễn Văn Chánh | D73: Thợ | Q73: =COUNTIF(E73:P73,"X") -> 0 | R73: =COUNTIF(E73:P73,"X/2")/2 -> 0 | S73: =SUM(Q73:R73) -> 0 | T73: 360000 | U73: =S73*T73 -> 0
A74: =A73+1 -> 71 | B74: Nguyễn Trường Khoa | D74: Phụ | Q74: =COUNTIF(E74:P74,"X") -> 0 | R74: =COUNTIF(E74:P74,"X/2")/2 -> 0 | S74: =SUM(Q74:R74) -> 0 | T74: 260000 | U74: =S74*T74 -> 0
A75: =A74+1 -> 72 | B75: Lê Nguyễn Nhân Quý | D75: Phụ | Q75: =COUNTIF(E75:P75,"X") -> 0 | R75: =COUNTIF(E75:P75,"X/2")/2 -> 0 | S75: =SUM(Q75:R75) -> 0 | T75: 260000 | U75: =S75*T75 -> 0
A76: =A75+1 -> 73 | B76: Phan Văn Bình | D76: Phụ | Q76: =COUNTIF(E76:P76,"X") -> 0 | R76: =COUNTIF(E76:P76,"X/2")/2 -> 0 | S76: =SUM(Q76:R76) -> 0 | T76: 270000 | U76: =S76*T76 -> 0
A77: =A76+1 -> 74 | B77: Phạm Quốc Phong | D77: Thợ | Q77: =COUNTIF(E77:P77,"X") -> 0 | R77: =COUNTIF(E77:P77,"X/2")/2 -> 0 | S77: =SUM(Q77:R77) -> 0 | T77: 400000 | U77: =S77*T77 -> 0
A78: =A77+1 -> 75 | B78: Phan Hoàng Thịnh | D78: Phụ | F78: x | G78: x | H78: x | J78: x | Q78: =COUNTIF(E78:P78,"X") -> 4 | R78: =COUNTIF(E78:P78,"X/2")/2 -> 0 | S78: =SUM(Q78:R78) -> 4 | T78: 270000 | U78: =S78*T78 -> 1080000
A79: =A78+1 -> 76 | B79: Nguyễn Thanh Nhàn | D79: Thợ | G79: x | H79: x | I79: x/2 | J79: x/2 | K79: x | M79: x | N79: x/2 | O79: x/2 | Q79: =COUNTIF(E79:P79,"X") -> 4 | R79: =COUNTIF(E79:P79,"X/2")/2 -> 2 | S79: =SUM(Q79:R79) -> 6 | T79: 320000 | U79: =S79*T79 -> 1920000
A80: =A79+1 -> 77 | B80: Lê Tố My | D80: Phụ | F80: x | G80: x | H80: x | I80: x | J80: x | Q80: =COUNTIF(E80:P80,"X") -> 5 | R80: =COUNTIF(E80:P80,"X/2")/2 -> 0 | S80: =SUM(Q80:R80) -> 5 | T80: 270000 | U80: =S80*T80 -> 1350000
A81: =A80+1 -> 78 | B81: Nguyễn Hoàng Huynh | D81: Thợ | F81: x | G81: x | H81: x | I81: x | J81: x | K81: x | N81: x | P81: x | Q81: =COUNTIF(E81:P81,"X") -> 8 | R81: =COUNTIF(E81:P81,"X/2")/2 -> 0 | S81: =SUM(Q81:R81) -> 8 | T81: 370000 | U81: =S81*T81 -> 2960000
A82: =A81+1 -> 79 | B82: Lê Thị Loan | D82: Phụ | F82: x | G82: x | H82: x | I82: x | J82: x | K82: x | N82: x | P82: x | Q82: =COUNTIF(E82:P82,"X") -> 8 | R82: =COUNTIF(E82:P82,"X/2")/2 -> 0 | S82: =SUM(Q82:R82) -> 8 | T82: 270000 | U82: =S82*T82 -> 2160000
A83: =A82+1 -> 80 | B83: Đoàn Văn Vũ | D83: Phụ | F83: x | G83: x | H83: x | I83: x/2 | J83: x | M83: x | P83: x | Q83: =COUNTIF(E83:P83,"X") -> 6 | R83: =COUNTIF(E83:P83,"X/2")/2 -> 0.5 | S83: =SUM(Q83:R83) -> 6.5 | T83: 270000 | U83: =S83*T83 -> 1755000
E85: =SUBTOTAL(103,E4:E75) -> 0 | F85: =SUBTOTAL(103,F4:F82) -> 27 | G85: =SUBTOTAL(103,G4:G82) -> 32 | H85: =SUBTOTAL(103,H4:H82) -> 31 | I85: =SUBTOTAL(103,I4:I82) -> 27 | J85: =SUBTOTAL(103,J4:J82) -> 29 | K85: =SUBTOTAL(103,K4:K82) -> 14 | L85: =SUBTOTAL(103,L4:L82) -> 0 | M85: =SUBTOTAL(103,M4:M82) -> 6 | P85: =SUBTOTAL(103,P4:P82) -> 9 | Q85: =SUBTOTAL(103,Q4:Q75) -> 72 | R85: =SUBTOTAL(103,R4:R27) -> 24 | S85: =SUBTOTAL(103,S4:S27) -> 24 | T85: =SUBTOTAL(103,T4:T84) -> 80 | U85: =SUBTOTAL(109,U4:U83) -> 64530000 | W85: =SUBTOTAL(109,W4:W84) -> 1500000
W86: =U85-W85 -> 63030000

Sheet 12
A1: BẢNG LƯƠNG (từ 1-10.T6/2026)
A2: STT | B2: HỌ TÊN | C2: GHI CHÚ | D2: CV | E2: 1 | F2: 2 | G2: =F2+1 -> 3 | H2: =G2+1 -> 4 | I2: =H2+1 -> 5 | J2: =I2+1 -> 6 | K2: =J2+1 -> 7 | L2: =K2+1 -> 8 | M2: =L2+1 -> 9 | N2: =M2+1 -> 10 | O2: Đủ công | P2: Nửa công | Q2: TC | R2: Lương/ngày | S2: Tổng lương | T2: Công trình | U2: Ký nhận
E3: T2 | F3: T3 | G3: T4 | H3: T5 | I3: T6 | J3: T7 | K3: CN | L3: T2 | M3: T3 | N3: T4
A4: 1 | B4: A Lâm | C4: =SUBTOTAL(103,C5:C22) -> 15 | D4: ĐT | E4: x | F4: x | G4: x | H4: x | I4: x | J4: x | K4: x | L4: x | M4: x | N4: x | O4: =COUNTIF(E4:N4,"X") -> 10 | P4: =COUNTIF(E4:I4,"X/2")/2 -> 0 | Q4: =SUM(O4:P4) -> 10 | R4: 550000 | S4: =Q4*R4 -> 5500000
A5: 2 | B5: Nguyễn Tấn Tài | C5: Có CCCD gửi cty Hưng Long | D5: Thợ | O5: =COUNTIF(E5:N5,"X") -> 0 | P5: =COUNTIF(E5:N5,"X/2")/2 -> 0 | Q5: =SUM(O5:P5) -> 0 | R5: 380000 | S5: =Q5*R5 -> 0
A6: 3 | B6: Mai Văn Đời | C6: Có hình CCCD | D6: Thợ | O6: =COUNTIF(E6:N6,"X") -> 0 | P6: =COUNTIF(E6:N6,"X/2")/2 -> 0 | Q6: =SUM(O6:P6) -> 0 | R6: 370000 | S6: =Q6*R6 -> 0
A7: =A6+1 -> 4 | B7: Nguyễn Văn Đấu | C7: Có CCCD gửi cty Hưng Long | D7: Thợ | O7: =COUNTIF(E7:N7,"X") -> 0 | P7: =COUNTIF(E7:N7,"X/2")/2 -> 0 | Q7: =SUM(O7:P7) -> 0 | R7: 370000 | S7: =Q7*R7 -> 0
A8: =A7+1 -> 5 | B8: Huỳnh Thanh Tùng | C8: Có hình CCCD | D8: Thợ ép | E8: x | F8: x | G8: x | H8: x | I8: x | J8: x | M8: x | N8: x | O8: =COUNTIF(E8:N8,"X") -> 8 | P8: =COUNTIF(E8:N8,"X/2")/2 -> 0 | Q8: =SUM(O8:P8) -> 8 | R8: 350000 | S8: =Q8*R8 -> 2800000
A9: =A8+1 -> 6 | B9: Nguyễn Hoàng Vũ | C9: Có CCCD gửi cty Hưng Long | D9: Phụ | E9: x | F9: x | G9: x | H9: x | J9: x | L9: x | M9: x | N9: x | O9: =COUNTIF(E9:N9,"X") -> 8 | P9: =COUNTIF(E9:N9,"X/2")/2 -> 0 | Q9: =SUM(O9:P9) -> 8 | R9: 350000 | S9: =Q9*R9 -> 2800000
A10: =A9+1 -> 7 | B10: Nguyễn Văn Phong | C10: Có hình CCCD | D10: Phụ | E10: x | F10: x | G10: x | H10: x | I10: x | J10: x | L10: x | M10: x | N10: x | O10: =COUNTIF(E10:N10,"X") -> 9 | P10: =COUNTIF(E10:N10,"X/2")/2 -> 0 | Q10: =SUM(O10:P10) -> 9 | R10: 300000 | S10: =Q10*R10 -> 2700000
A11: =A10+1 -> 8 | B11: Nguyễn Công Thức | C11: Có CCCD gửi cty Hưng Long | D11: Phụ | E11: x | F11: x | G11: x | H11: x | I11: x | J11: x | K11: x | L11: x | M11: x | N11: x | O11: =COUNTIF(E11:N11,"X") -> 10 | P11: =COUNTIF(E11:N11,"X/2")/2 -> 0 | Q11: =SUM(O11:P11) -> 10 | R11: 360000 | S11: =Q11*R11 -> 3600000
A12: =A11+1 -> 9 | B12: Nguyễn Tấn Lợi | C12: Có hình CCCD | D12: Thợ | O12: =COUNTIF(E12:N12,"X") -> 0 | P12: =COUNTIF(E12:N12,"X/2")/2 -> 0 | Q12: =SUM(O12:P12) -> 0 | R12: 400000 | S12: =Q12*R12 -> 0
A13: 10 | B13: Mai Văn Bảy | C13: Có hình CCCD | D13: Phụ | O13: =COUNTIF(E13:N13,"X") -> 0 | P13: =COUNTIF(E13:N13,"X/2")/2 -> 0 | Q13: =SUM(O13:P13) -> 0 | R13: 280000 | S13: =Q13*R13 -> 0
A14: =A13+1 -> 11 | B14: Huỳnh Chí Linh | C14: Có hình CCCD | D14: Thợ | E14: x | F14: x | G14: x | H14: x/2 | I14: x | J14: x | K14: x | L14: x | M14: x | N14: x | O14: =COUNTIF(E14:N14,"X") -> 9 | P14: =COUNTIF(E14:N14,"X/2")/2 -> 0.5 | Q14: =SUM(O14:P14) -> 9.5 | R14: 400000 | S14: =Q14*R14 -> 3800000
A15: =A14+1 -> 12 | B15: Nguyễn Văn Yêm | D15: Thợ | E15: x | F15: x | G15: x | H15: x | I15: x | J15: x | L15: x | M15: x | N15: x | O15: =COUNTIF(E15:N15,"X") -> 9 | P15: =COUNTIF(E15:N15,"X/2")/2 -> 0 | Q15: =SUM(O15:P15) -> 9 | R15: 390000 | S15: =Q15*R15 -> 3510000
A16: =A15+1 -> 13 | B16: Nguyễn Thanh Tùng | C16: Có CCCD gửi cty Hưng Long | D16: Thợ | O16: =COUNTIF(E16:N16,"X") -> 0 | P16: =COUNTIF(E16:N16,"X/2")/2 -> 0 | Q16: =SUM(O16:P16) -> 0 | R16: 370000 | S16: =Q16*R16 -> 0
A17: =A16+1 -> 14 | B17: Nguyễn Văn Mười | D17: Thợ | O17: =COUNTIF(E17:N17,"X") -> 0 | P17: =COUNTIF(E17:N17,"X/2")/2 -> 0 | Q17: =SUM(O17:P17) -> 0 | R17: 360000 | S17: =Q17*R17 -> 0
A18: =A17+1 -> 15 | B18: Phạm Văn Kiệt | C18: Có CCCD gửi cty Hưng Long | D18: Thợ | E18: x | F18: x | G18: x | H18: x | I18: x | O18: =COUNTIF(E18:N18,"X") -> 5 | P18: =COUNTIF(E18:N18,"X/2")/2 -> 0 | Q18: =SUM(O18:P18) -> 5 | R18: 380000 | S18: =Q18*R18 -> 1900000
A19: =A18+1 -> 16 | B19: Trương Văn Thông | C19: Có CCCD gửi cty Hưng Long | D19: Phụ | O19: =COUNTIF(E19:N19,"X") -> 0 | P19: =COUNTIF(E19:N19,"X/2")/2 -> 0 | Q19: =SUM(O19:P19) -> 0 | R19: 270000 | S19: =Q19*R19 -> 0
A20: =A19+1 -> 17 | B20: Võ Hoàng Nam | C20: Có CCCD gửi cty Hưng Long | D20: Thợ | E20: x | F20: x | G20: x | H20: x | O20: =COUNTIF(E20:N20,"X") -> 4 | P20: =COUNTIF(E20:N20,"X/2")/2 -> 0 | Q20: =SUM(O20:P20) -> 4 | R20: 380000 | S20: =Q20*R20 -> 1520000
A21: =A20+1 -> 18 | B21: Trần Thanh Sơn | C21: Có CCCD gửi cty Hưng Long | D21: Thợ | O21: =COUNTIF(E21:N21,"X") -> 0 | P21: =COUNTIF(E21:N21,"X/2")/2 -> 0 | Q21: =SUM(O21:P21) -> 0 | R21: 370000 | S21: =Q21*R21 -> 0
A22: =A21+1 -> 19 | B22: Đinh Văn Thống | D22: Phụ | E22: x | F22: x | G22: x | H22: x | I22: x | J22: x | K22: x | L22: x | N22: x | O22: =COUNTIF(E22:N22,"X") -> 9 | P22: =COUNTIF(E22:N22,"X/2")/2 -> 0 | Q22: =SUM(O22:P22) -> 9 | R22: 280000 | S22: =Q22*R22 -> 2520000
A23: =A22+1 -> 20 | B23: Lê Vũ Linh | D23: Thợ | E23: x | F23: x | G23: x | H23: x | I23: x | J23: x | K23: x | L23: x | M23: x | N23: x | O23: =COUNTIF(E23:N23,"X") -> 10 | P23: =COUNTIF(E23:N23,"X/2")/2 -> 0 | Q23: =SUM(O23:P23) -> 10 | R23: 380000 | S23: =Q23*R23 -> 3800000
A24: =A23+1 -> 21 | B24: Nguyễn Thị Cười | D24: Thợ | E24: x | F24: x | G24: x | H24: x | I24: x | J24: x | K24: x | L24: x | M24: x | N24: x | O24: =COUNTIF(E24:N24,"X") -> 10 | P24: =COUNTIF(E24:N24,"X/2")/2 -> 0 | Q24: =SUM(O24:P24) -> 10 | R24: 280000 | S24: =Q24*R24 -> 2800000
A25: =A24+1 -> 22 | B25: Huỳnh Thanh Xuân | D25: Phụ | O25: =COUNTIF(E25:N25,"X") -> 0 | P25: =COUNTIF(E25:N25,"X/2")/2 -> 0 | Q25: =SUM(O25:P25) -> 0 | R25: 270000 | S25: =Q25*R25 -> 0
A26: =A25+1 -> 23 | B26: Lâm Hữu Phước | D26: Phụ | O26: =COUNTIF(E26:N26,"X") -> 0 | P26: =COUNTIF(E26:N26,"X/2")/2 -> 0 | Q26: =SUM(O26:P26) -> 0 | R26: 280000 | S26: =Q26*R26 -> 0
A27: =A26+1 -> 24 | B27: Nguyễn Văn Phao | D27: Thợ | O27: =COUNTIF(E27:N27,"X") -> 0 | P27: =COUNTIF(E27:N27,"X/2")/2 -> 0 | Q27: =SUM(O27:P27) -> 0 | R27: 370000 | S27: =Q27*R27 -> 0
A28: 25 | B28: Lâm Kỳ Phi | D28: Thợ | O28: =COUNTIF(E28:N28,"X") -> 0 | P28: =COUNTIF(E28:N28,"X/2")/2 -> 0 | Q28: =SUM(O28:P28) -> 0 | R28: 400000 | S28: =Q28*R28 -> 0
A29: =A28+1 -> 26 | B29: Trần Thanh Phong | D29: Thợ | E29: x | F29: x | H29: x | I29: x | K29: x/2 | M29: x | N29: x | O29: =COUNTIF(E29:N29,"X") -> 6 | P29: =COUNTIF(E29:N29,"X/2")/2 -> 0.5 | Q29: =SUM(O29:P29) -> 6.5 | R29: 370000 | S29: =Q29*R29 -> 2405000
A30: =A29+1 -> 27 | B30: Trịnh Văn Phước | D30: Thợ | O30: =COUNTIF(E30:N30,"X") -> 0 | P30: =COUNTIF(E30:N30,"X/2")/2 -> 0 | Q30: =SUM(O30:P30) -> 0 | R30: 380000 | S30: =Q30*R30 -> 0
A31: =A30+1 -> 28 | B31: Nguyễn Văn Liễu | D31: Thợ | E31: x | F31: x | G31: x | H31: x | I31: x | J31: x | K31: x | L31: x | M31: x | N31: x | O31: =COUNTIF(E31:N31,"X") -> 10 | P31: =COUNTIF(E31:N31,"X/2")/2 -> 0 | Q31: =SUM(O31:P31) -> 10 | R31: 360000 | S31: =Q31*R31 -> 3600000
A32: =A31+1 -> 29 | B32: Nguyễn Quốc Thiện | D32: Phụ | O32: =COUNTIF(E32:N32,"X") -> 0 | P32: =COUNTIF(E32:N32,"X/2")/2 -> 0 | Q32: =SUM(O32:P32) -> 0 | R32: 280000 | S32: =Q32*R32 -> 0
A33: =A32+1 -> 30 | B33: Nguyễn Văn Cường | D33: Thợ | O33: =COUNTIF(E33:N33,"X") -> 0 | P33: =COUNTIF(E33:N33,"X/2")/2 -> 0 | Q33: =SUM(O33:P33) -> 0 | R33: 370000 | S33: =Q33*R33 -> 0
A34: =A33+1 -> 31 | B34: Nguyễn Thu Mè | D34: Phụ | O34: =COUNTIF(E34:N34,"X") -> 0 | P34: =COUNTIF(E34:N34,"X/2")/2 -> 0 | Q34: =SUM(O34:P34) -> 0 | R34: 270000 | S34: =Q34*R34 -> 0
A35: =A34+1 -> 32 | B35: Nguyễn Văn Chờ | D35: Thợ | O35: =COUNTIF(E35:N35,"X") -> 0 | P35: =COUNTIF(E35:N35,"X/2")/2 -> 0 | Q35: =SUM(O35:P35) -> 0 | R35: 360000 | S35: =Q35*R35 -> 0
A36: =A35+1 -> 33 | B36: Nguyễn Văn Châu | D36: Phụ | E36: x | F36: x | G36: x | H36: x | I36: x | J36: x | K36: x | L36: x | M36: x | N36: x | O36: =COUNTIF(E36:N36,"X") -> 10 | P36: =COUNTIF(E36:N36,"X/2")/2 -> 0 | Q36: =SUM(O36:P36) -> 10 | R36: 280000 | S36: =Q36*R36 -> 2800000
A37: =A36+1 -> 34 | B37: Lê Quốc Thịnh | D37: Phụ | O37: =COUNTIF(E37:N37,"X") -> 0 | P37: =COUNTIF(E37:N37,"X/2")/2 -> 0 | Q37: =SUM(O37:P37) -> 0 | R37: 260000 | S37: =Q37*R37 -> 0
A38: =A37+1 -> 35 | B38: Lê Văn Xết | D38: Thợ | E38: x | F38: x | G38: x | H38: x | I38: x | J38: x | L38: x | M38: x | N38: x | O38: =COUNTIF(E38:N38,"X") -> 9 | P38: =COUNTIF(E38:N38,"X/2")/2 -> 0 | Q38: =SUM(O38:P38) -> 9 | R38: 360000 | S38: =Q38*R38 -> 3240000
A39: =A38+1 -> 36 | B39: Nguyễn Văn Thiệt | D39: Thợ | O39: =COUNTIF(E39:N39,"X") -> 0 | P39: =COUNTIF(E39:N39,"X/2")/2 -> 0 | Q39: =SUM(O39:P39) -> 0 | R39: 360000 | S39: =Q39*R39 -> 0
A40: =A39+1 -> 37 | B40: Huỳnh Văn Lý | D40: Phụ | E40: x | F40: x | G40: x | H40: x | I40: x | J40: x | K40: x | M40: x | N40: x | O40: =COUNTIF(E40:N40,"X") -> 9 | P40: =COUNTIF(E40:N40,"X/2")/2 -> 0 | Q40: =SUM(O40:P40) -> 9 | R40: 260000 | S40: =Q40*R40 -> 2340000
A41: =A40+1 -> 38 | B41: Lê Việt Đa | D41: Thợ | O41: =COUNTIF(E41:N41,"X") -> 0 | P41: =COUNTIF(E41:N41,"X/2")/2 -> 0 | Q41: =SUM(O41:P41) -> 0 | R41: 370000 | S41: =Q41*R41 -> 0
A42: =A41+1 -> 39 | B42: Trần Văn Kỳ | D42: Phụ | O42: =COUNTIF(E42:N42,"X") -> 0 | P42: =COUNTIF(E42:N42,"X/2")/2 -> 0 | Q42: =SUM(O42:P42) -> 0 | R42: 270000 | S42: =Q42*R42 -> 0
A43: =A42+1 -> 40 | B43: Nguyễn Văn Bình | D43: Thợ | E43: x | F43: x | G43: x | H43: x | I43: x | J43: x | K43: x | L43: x | M43: x | N43: x | O43: =COUNTIF(E43:N43,"X") -> 10 | P43: =COUNTIF(E43:N43,"X/2")/2 -> 0 | Q43: =SUM(O43:P43) -> 10 | R43: 370000 | S43: =Q43*R43 -> 3700000
A44: =A43+1 -> 41 | B44: Tạ Thị Mỵ | D44: Phụ | E44: x | F44: x | G44: x | H44: x | I44: x | J44: x | K44: x | L44: x | M44: x | N44: x | O44: =COUNTIF(E44:N44,"X") -> 10 | P44: =COUNTIF(E44:N44,"X/2")/2 -> 0 | Q44: =SUM(O44:P44) -> 10 | R44: 270000 | S44: =Q44*R44 -> 2700000
A45: =A44+1 -> 42 | B45: Lê Văn Khải | D45: Phụ | O45: =COUNTIF(E45:N45,"X") -> 0 | P45: =COUNTIF(E45:N45,"X/2")/2 -> 0 | Q45: =SUM(O45:P45) -> 0 | R45: 270000 | S45: =Q45*R45 -> 0
A46: =A45+1 -> 43 | B46: Vương Thị Lý | D46: Phụ | O46: =COUNTIF(E46:N46,"X") -> 0 | P46: =COUNTIF(E46:N46,"X/2")/2 -> 0 | Q46: =SUM(O46:P46) -> 0 | R46: 270000 | S46: =Q46*R46 -> 0
A47: =A46+1 -> 44 | B47: Lê Thanh Sáng | D47: Thợ | F47: x | G47: x | H47: x/2 | O47: =COUNTIF(E47:N47,"X") -> 2 | P47: =COUNTIF(E47:N47,"X/2")/2 -> 0.5 | Q47: =SUM(O47:P47) -> 2.5 | R47: 370000 | S47: =Q47*R47 -> 925000
A48: =A47+1 -> 45 | B48: Nguyễn Văn Sa | D48: Thợ | O48: =COUNTIF(E48:N48,"X") -> 0 | P48: =COUNTIF(E48:N48,"X/2")/2 -> 0 | Q48: =SUM(O48:P48) -> 0 | R48: 360000 | S48: =Q48*R48 -> 0
A49: =A48+1 -> 46 | B49: Trần Thị Thu | D49: Phụ | E49: x | F49: x | G49: x | H49: x | I49: x | J49: x | K49: x | L49: x | M49: x | N49: x | O49: =COUNTIF(E49:N49,"X") -> 10 | P49: =COUNTIF(E49:N49,"X/2")/2 -> 0 | Q49: =SUM(O49:P49) -> 10 | R49: 270000 | S49: =Q49*R49 -> 2700000
A50: =A49+1 -> 47 | B50: Ngô Văn Giỏi | D50: Phụ | O50: =COUNTIF(E50:N50,"X") -> 0 | P50: =COUNTIF(E50:N50,"X/2")/2 -> 0 | Q50: =SUM(O50:P50) -> 0 | R50: 270000 | S50: =Q50*R50 -> 0
A51: =A50+1 -> 48 | B51: Hồ Thanh Giãn | D51: Thợ | O51: =COUNTIF(E51:N51,"X") -> 0 | P51: =COUNTIF(E51:N51,"X/2")/2 -> 0 | Q51: =SUM(O51:P51) -> 0 | R51: 360000 | S51: =Q51*R51 -> 0
A52: =A51+1 -> 49 | B52: Phạm Tấn Phong | D52: Thợ | O52: =COUNTIF(E52:N52,"X") -> 0 | P52: =COUNTIF(E52:N52,"X/2")/2 -> 0 | Q52: =SUM(O52:P52) -> 0 | R52: 360000 | S52: =Q52*R52 -> 0
A53: =A52+1 -> 50 | B53: Nguyễn Hồng Lẹ | D53: Phụ | O53: =COUNTIF(E53:N53,"X") -> 0 | P53: =COUNTIF(E53:N53,"X/2")/2 -> 0 | Q53: =SUM(O53:P53) -> 0 | R53: 270000 | S53: =Q53*R53 -> 0
A54: =A53+1 -> 51 | B54: Đỗ Ngọc Thảo | D54: Phụ | O54: =COUNTIF(E54:N54,"X") -> 0 | P54: =COUNTIF(E54:N54,"X/2")/2 -> 0 | Q54: =SUM(O54:P54) -> 0 | R54: 270000 | S54: =Q54*R54 -> 0
A55: =A54+1 -> 52 | B55: Cao Nhựt Khanh | D55: Phụ | O55: =COUNTIF(E55:N55,"X") -> 0 | P55: =COUNTIF(E55:N55,"X/2")/2 -> 0 | Q55: =SUM(O55:P55) -> 0 | R55: 270000 | S55: =Q55*R55 -> 0
A56: =A55+1 -> 53 | B56: Lê Trọng Thật | D56: Phụ | O56: =COUNTIF(E56:N56,"X") -> 0 | P56: =COUNTIF(E56:N56,"X/2")/2 -> 0 | Q56: =SUM(O56:P56) -> 0 | R56: 280000 | S56: =Q56*R56 -> 0
A57: =A56+1 -> 54 | B57: Nguyễn Thị Lệ | D57: Phụ | O57: =COUNTIF(E57:N57,"X") -> 0 | P57: =COUNTIF(E57:N57,"X/2")/2 -> 0 | Q57: =SUM(O57:P57) -> 0 | R57: 270000 | S57: =Q57*R57 -> 0
A58: =A57+1 -> 55 | B58: Nguyễn Văn Mừng | D58: Thợ | O58: =COUNTIF(E58:N58,"X") -> 0 | P58: =COUNTIF(E58:N58,"X/2")/2 -> 0 | Q58: =SUM(O58:P58) -> 0 | R58: 360000 | S58: =Q58*R58 -> 0
A59: =A58+1 -> 56 | B59: Lê Hữu Minh | D59: Phụ | O59: =COUNTIF(E59:N59,"X") -> 0 | P59: =COUNTIF(E59:N59,"X/2")/2 -> 0 | Q59: =SUM(O59:P59) -> 0 | R59: 270000 | S59: =Q59*R59 -> 0
A60: =A59+1 -> 57 | B60: Đặng Hoàng Đông | D60: Phụ | O60: =COUNTIF(E60:N60,"X") -> 0 | P60: =COUNTIF(E60:N60,"X/2")/2 -> 0 | Q60: =SUM(O60:P60) -> 0 | R60: 260000 | S60: =Q60*R60 -> 0
A61: =A60+1 -> 58 | B61: Nguyễn Văn Chín | D61: Thợ | O61: =COUNTIF(E61:N61,"X") -> 0 | P61: =COUNTIF(E61:N61,"X/2")/2 -> 0 | Q61: =SUM(O61:P61) -> 0 | R61: 360000 | S61: =Q61*R61 -> 0
... A63: =A62+1 -> 60 | B63: Đỗ Văn Liếu | D63: Phụ | O63: =COUNTIF(E63:N63,"X") -> 0 | P63: =COUNTIF(E63:N63,"X/2")/2 -> 0 | Q63: =SUM(O63:P63) -> 0 | R63: 260000 | S63: =Q63*R63 -> 0
A64: =A63+1 -> 61 | B64: Nguyễn Văn Biết | D64: Thợ | E64: x | F64: x | G64: x | H64: x | I64: x | J64: x | K64: x | L64: x | M64: x | N64: x | O64: =COUNTIF(E64:N64,"X") -> 10 | P64: =COUNTIF(E64:N64,"X/2")/2 -> 0 | Q64: =SUM(O64:P64) -> 10 | R64: 370000 | S64: =Q64*R64 -> 3700000
A65: =A64+1 -> 62 | B65: Võ Văn Nguyện | D65: Phụ | O65: =COUNTIF(E65:N65,"X") -> 0 | P65: =COUNTIF(E65:N65,"X/2")/2 -> 0 | Q65: =SUM(O65:P65) -> 0 | R65: 260000 | S65: =Q65*R65 -> 0
A66: =A65+1 -> 63 | B66: Nguyễn Văn Lẵm | D66: Thợ | E66: x | F66: x | G66: x | H66: x | I66: x | J66: x | K66: x | L66: x | M66: x | N66: x | O66: =COUNTIF(E66:N66,"X") -> 10 | P66: =COUNTIF(E66:N66,"X/2")/2 -> 0 | Q66: =SUM(O66:P66) -> 10 | R66: 360000 | S66: =Q66*R66 -> 3600000
A67: =A66+1 -> 64 | B67: Huỳnh Văn Cường | D67: Phụ | O67: =COUNTIF(E67:N67,"X") -> 0 | P67: =COUNTIF(E67:N67,"X/2")/2 -> 0 | Q67: =SUM(O67:P67) -> 0 | R67: 260000 | S67: =Q67*R67 -> 0
A68: =A67+1 -> 65 | B68: Trần Thị Thanh Thúy | D68: Phụ | O68: =COUNTIF(E68:N68,"X") -> 0 | P68: =COUNTIF(E68:N68,"X/2")/2 -> 0 | Q68: =SUM(O68:P68) -> 0 | R68: 260000 | S68: =Q68*R68 -> 0
A69: =A68+1 -> 66 | B69: Nguyễn Văn Xuyên | D69: Phụ | O69: =COUNTIF(E69:N69,"X") -> 0 | P69: =COUNTIF(E69:N69,"X/2")/2 -> 0 | Q69: =SUM(O69:P69) -> 0 | R69: 270000 | S69: =Q69*R69 -> 0
A70: =A69+1 -> 67 | B70: Nguyễn Thành Công | D70: Thợ | E70: x | F70: x | G70: x | H70: x | I70: x | J70: x | K70: x | M70: x | N70: x | O70: =COUNTIF(E70:N70,"X") -> 9 | P70: =COUNTIF(E70:N70,"X/2")/2 -> 0 | Q70: =SUM(O70:P70) -> 9 | R70: 360000 | S70: =Q70*R70 -> 3240000
A71: =A70+1 -> 68 | B71: Mai Văn Liến | D71: Thợ | O71: =COUNTIF(E71:N71,"X") -> 0 | P71: =COUNTIF(E71:N71,"X/2")/2 -> 0 | Q71: =SUM(O71:P71) -> 0 | R71: 360000 | S71: =Q71*R71 -> 0
A72: =A71+1 -> 69 | B72: Trương Hoàng Khang | D72: Phụ | O72: =COUNTIF(E72:N72,"X") -> 0 | P72: =COUNTIF(E72:N72,"X/2")/2 -> 0 | Q72: =SUM(O72:P72) -> 0 | R72: 260000 | S72: =Q72*R72 -> 0
A73: =A72+1 -> 70 | B73: Nguyễn Văn Chánh | D73: Thợ | O73: =COUNTIF(E73:N73,"X") -> 0 | P73: =COUNTIF(E73:N73,"X/2")/2 -> 0 | Q73: =SUM(O73:P73) -> 0 | R73: 360000 | S73: =Q73*R73 -> 0
A74: =A73+1 -> 71 | B74: Nguyễn Trường Khoa | D74: Phụ | O74: =COUNTIF(E74:N74,"X") -> 0 | P74: =COUNTIF(E74:N74,"X/2")/2 -> 0 | Q74: =SUM(O74:P74) -> 0 | R74: 260000 | S74: =Q74*R74 -> 0
A75: =A74+1 -> 72 | B75: Lê Nguyễn Nhân Quý | D75: Phụ | O75: =COUNTIF(E75:N75,"X") -> 0 | P75: =COUNTIF(E75:N75,"X/2")/2 -> 0 | Q75: =SUM(O75:P75) -> 0 | R75: 260000 | S75: =Q75*R75 -> 0
A76: =A75+1 -> 73 | B76: Phan Văn Bình | D76: Phụ | O76: =COUNTIF(E76:N76,"X") -> 0 | P76: =COUNTIF(E76:N76,"X/2")/2 -> 0 | Q76: =SUM(O76:P76) -> 0 | R76: 270000 | S76: =Q76*R76 -> 0
A77: =A76+1 -> 74 | B77: Phạm Quốc Phong | D77: Thợ | O77: =COUNTIF(E77:N77,"X") -> 0 | P77: =COUNTIF(E77:N77,"X/2")/2 -> 0 | Q77: =SUM(O77:P77) -> 0 | R77: 400000 | S77: =Q77*R77 -> 0
A78: =A77+1 -> 75 | B78: Phan Hoàng Thịnh | D78: Phụ | E78: x | F78: x | G78: x | H78: x | I78: x | J78: x | L78: x | M78: x | N78: x | O78: =COUNTIF(E78:N78,"X") -> 9 | P78: =COUNTIF(E78:N78,"X/2")/2 -> 0 | Q78: =SUM(O78:P78) -> 9 | R78: 270000 | S78: =Q78*R78 -> 2430000
A79: =A78+1 -> 76 | B79: Nguyễn Thanh Nhàn | D79: Thợ | E79: x | F79: x | G79: x | H79: x | I79: x | J79: x | K79: x | L79: x | M79: x | N79: x | O79: =COUNTIF(E79:N79,"X") -> 10 | P79: =COUNTIF(E79:N79,"X/2")/2 -> 0 | Q79: =SUM(O79:P79) -> 10 | R79: 320000 | S79: =Q79*R79 -> 3200000
A80: =A79+1 -> 77 | B80: Lê Tố My | D80: Phụ | E80: x | F80: x | G80: x | H80: x | I80: x | J80: x | K80: x | L80: x | M80: x | N80: x | O80: =COUNTIF(E80:N80,"X") -> 10 | P80: =COUNTIF(E80:N80,"X/2")/2 -> 0 | Q80: =SUM(O80:P80) -> 10 | R80: 270000 | S80: =Q80*R80 -> 2700000
A81: =A80+1 -> 78 | B81: Nguyễn Hoàng Huynh | D81: Thợ | E81: x | F81: x | G81: x | H81: x | I81: x | J81: x | K81: x | L81: x | M81: x | N81: x | O81: =COUNTIF(E81:N81,"X") -> 10 | P81: =COUNTIF(E81:N81,"X/2")/2 -> 0 | Q81: =SUM(O81:P81) -> 10 | R81: 370000 | S81: =Q81*R81 -> 3700000
A82: =A81+1 -> 79 | B82: Lê Thị Loan | D82: Phụ | E82: x | F82: x | G82: x | H82: x | I82: x | J82: x | K82: x | L82: x | M82: x | N82: x | O82: =COUNTIF(E82:N82,"X") -> 10 | P82: =COUNTIF(E82:N82,"X/2")/2 -> 0 | Q82: =SUM(O82:P82) -> 10 | R82: 270000 | S82: =Q82*R82 -> 2700000
A83: =A82+1 -> 80 | B83: Đoàn Văn Vũ | D83: Phụ | E83: x | G83: x | H83: x | I83: x | J83: x | K83: x | L83: x | M83: x | N83: x | O83: =COUNTIF(E83:N83,"X") -> 9 | P83: =COUNTIF(E83:N83,"X/2")/2 -> 0 | Q83: =SUM(O83:P83) -> 9 | R83: 270000 | S83: =Q83*R83 -> 2430000
E85: =SUBTOTAL(103,E4:E83) -> 29 | F85: =SUBTOTAL(103,F4:F83) -> 29 | G85: =SUBTOTAL(103,G4:G83) -> 29 | H85: =SUBTOTAL(103,H4:H83) -> 30 | I85: =SUBTOTAL(103,I4:I83) -> 27 | J85: =SUBTOTAL(103,J4:J83) -> 26 | K85: =SUBTOTAL(103,K4:K83) -> 21 | L85: =SUBTOTAL(103,L4:L83) -> 23 | ... N85: =SUBTOTAL(103,N4:N83) -> 27 | O85: =SUBTOTAL(103,O4:O75) -> 72 | P85: =SUBTOTAL(103,P4:P27) -> 24 | Q85: =SUBTOTAL(103,Q4:Q27) -> 24 | R85: =SUBTOTAL(103,R4:R84) -> 80 | S85: =SUBTOTAL(109,S4:S83) -> 89360000 | U85: =SUBTOTAL(109,U4:U84) -> 0
U86: =S85-U85 -> 89360000

Sheet 13
A1: BẢNG LƯƠNG (từ 1-10.T6/2026)
A2: STT | B2: HỌ TÊN | C2: CV | D2: 11 | E2: 12 | F2: =E2+1 -> 13 | G2: =F2+1 -> 14 | H2: =G2+1 -> 15 | I2: =H2+1 -> 16 | J2: =I2+1 -> 17 | K2: =J2+1 -> 18 | L2: =K2+1 -> 19 | M2: =L2+1 -> 20 | N2: Đủ công | O2: Nửa công | P2: TC | Q2: Lương/ngày | R2: Tổng lương | S2: Công trình | T2: Ký nhận
D3: T5 | E3: T6 | F3: T7 | G3: CN | H3: T2 | I3: T3 | J3: T4 | K3: T5 | L3: T6 | M3: T7
A4: 1 | B4: A Lâm | C4: ĐT | D4: x | E4: x | F4: x | G4: x | H4: x | I4: x | J4: x | K4: x | L4: x | M4: x | N4: =COUNTIF(D4:M4,"X") -> 10 | O4: =COUNTIF(D4:H4,"X/2")/2 -> 0 | P4: =SUM(N4:O4) -> 10 | Q4: 550000 | R4: =P4*Q4 -> 5500000 | T4: 4000000
A5: 2 | B5: Nguyễn Tấn Tài | C5: Thợ | I5: x | J5: x | K5: x | L5: x | M5: x | N5: =COUNTIF(D5:M5,"X") -> 5 | O5: =COUNTIF(D5:M5,"X/2")/2 -> 0 | P5: =SUM(N5:O5) -> 5 | Q5: 380000 | R5: =P5*Q5 -> 1900000
A6: 3 | B6: Mai Văn Đời | C6: Thợ | N6: =COUNTIF(D6:M6,"X") -> 0 | O6: =COUNTIF(D6:M6,"X/2")/2 -> 0 | P6: =SUM(N6:O6) -> 0 | Q6: 370000 | R6: =P6*Q6 -> 0
A7: =A6+1 -> 4 | B7: Nguyễn Văn Đấu | C7: Thợ | N7: =COUNTIF(D7:M7,"X") -> 0 | O7: =COUNTIF(D7:M7,"X/2")/2 -> 0 | P7: =SUM(N7:O7) -> 0 | Q7: 370000 | R7: =P7*Q7 -> 0
A8: =A7+1 -> 5 | B8: Huỳnh Thanh Tùng | C8: Thợ ép | D8: x | E8: x | F8: x | G8: x | J8: x | K8: x | L8: x | M8: x | N8: =COUNTIF(D8:M8,"X") -> 8 | O8: =COUNTIF(D8:M8,"X/2")/2 -> 0 | P8: =SUM(N8:O8) -> 8 | Q8: 350000 | R8: =P8*Q8 -> 2800000
A9: =A8+1 -> 6 | B9: Nguyễn Hoàng Vũ | C9: Phụ | D9: x | E9: x | F9: x | H9: x | I9: x | J9: x | K9: x | M9: x | N9: =COUNTIF(D9:M9,"X") -> 8 | O9: =COUNTIF(D9:M9,"X/2")/2 -> 0 | P9: =SUM(N9:O9) -> 8 | Q9: 350000 | R9: =P9*Q9 -> 2800000
A10: =A9+1 -> 7 | B10: Nguyễn Văn Phong | C10: Phụ | D10: x | E10: x | G10: x | H10: x | I10: x | J10: x | K10: x | L10: x | M10: x | N10: =COUNTIF(D10:M10,"X") -> 9 | O10: =COUNTIF(D10:M10,"X/2")/2 -> 0 | P10: =SUM(N10:O10) -> 9 | Q10: 300000 | R10: =P10*Q10 -> 2700000
A11: =A10+1 -> 8 | B11: Nguyễn Công Thức | C11: Phụ | D11: x | E11: x | F11: x | G11: x | H11: x | I11: x | J11: x | K11: x | L11: x | M11: x | N11: =COUNTIF(D11:M11,"X") -> 10 | O11: =COUNTIF(D11:M11,"X/2")/2 -> 0 | P11: =SUM(N11:O11) -> 10 | Q11: 360000 | R11: =P11*Q11 -> 3600000
A12: =A11+1 -> 9 | B12: Nguyễn Tấn Lợi | C12: Thợ | N12: =COUNTIF(D12:M12,"X") -> 0 | O12: =COUNTIF(D12:M12,"X/2")/2 -> 0 | P12: =SUM(N12:O12) -> 0 | Q12: 400000 | R12: =P12*Q12 -> 0
A13: 10 | B13: Mai Văn Bảy | C13: Phụ | N13: =COUNTIF(D13:M13,"X") -> 0 | O13: =COUNTIF(D13:M13,"X/2")/2 -> 0 | P13: =SUM(N13:O13) -> 0 | Q13: 280000 | R13: =P13*Q13 -> 0
A14: =A13+1 -> 11 | B14: Huỳnh Chí Linh | C14: Thợ | D14: x | E14: x | F14: x | H14: x | I14: x | J14: x | K14: x | L14: x | M14: x | N14: =COUNTIF(D14:M14,"X") -> 9 | O14: =COUNTIF(D14:M14,"X/2")/2 -> 0 | P14: =SUM(N14:O14) -> 9 | Q14: 400000 | R14: =P14*Q14 -> 3600000
A15: =A14+1 -> 12 | B15: Nguyễn Văn Yêm | C15: Thợ | D15: x | E15: x | F15: x | H15: x | I15: x | J15: x | K15: x | L15: x | M15: x | N15: =COUNTIF(D15:M15,"X") -> 9 | O15: =COUNTIF(D15:M15,"X/2")/2 -> 0 | P15: =SUM(N15:O15) -> 9 | Q15: 390000 | R15: =P15*Q15 -> 3510000
A16: =A15+1 -> 13 | B16: Nguyễn Thanh Tùng | C16: Thợ | N16: =COUNTIF(D16:M16,"X") -> 0 | O16: =COUNTIF(D16:M16,"X/2")/2 -> 0 | P16: =SUM(N16:O16) -> 0 | Q16: 370000 | R16: =P16*Q16 -> 0
A17: =A16+1 -> 14 | B17: Nguyễn Văn Mười | C17: Thợ | N17: =COUNTIF(D17:M17,"X") -> 0 | O17: =COUNTIF(D17:M17,"X/2")/2 -> 0 | P17: =SUM(N17:O17) -> 0 | Q17: 360000 | R17: =P17*Q17 -> 0
A18: =A17+1 -> 15 | B18: Phạm Văn Kiệt | C18: Thợ | N18: =COUNTIF(D18:M18,"X") -> 0 | O18: =COUNTIF(D18:M18,"X/2")/2 -> 0 | P18: =SUM(N18:O18) -> 0 | Q18: 380000 | R18: =P18*Q18 -> 0
A19: =A18+1 -> 16 | B19: Trương Văn Thông | C19: Phụ | N19: =COUNTIF(D19:M19,"X") -> 0 | O19: =COUNTIF(D19:M19,"X/2")/2 -> 0 | P19: =SUM(N19:O19) -> 0 | Q19: 270000 | R19: =P19*Q19 -> 0
A20: =A19+1 -> 17 | B20: Võ Hoàng Nam | C20: Thợ | D20: x | E20: x | I20: x | J20: x | K20: x | N20: =COUNTIF(D20:M20,"X") -> 5 | O20: =COUNTIF(D20:M20,"X/2")/2 -> 0 | P20: =SUM(N20:O20) -> 5 | Q20: 380000 | R20: =P20*Q20 -> 1900000
A21: =A20+1 -> 18 | B21: Trần Thanh Sơn | C21: Thợ | N21: =COUNTIF(D21:M21,"X") -> 0 | O21: =COUNTIF(D21:M21,"X/2")/2 -> 0 | P21: =SUM(N21:O21) -> 0 | Q21: 370000 | R21: =P21*Q21 -> 0
A22: =A21+1 -> 19 | B22: Đinh Văn Thống | C22: Phụ | D22: x | E22: x | F22: x | G22: x | H22: x | I22: x | J22: x | K22: x | L22: x | M22: x | N22: =COUNTIF(D22:M22,"X") -> 10 | O22: =COUNTIF(D22:M22,"X/2")/2 -> 0 | P22: =SUM(N22:O22) -> 10 | Q22: 280000 | R22: =P22*Q22 -> 2800000
